Workbook

Sheet Comparativo
A1: Comparativo dos níveis de protensão - mesma seção, traçado e = 28 cm
A2: Amarelo = entrada; verde = calculado por fórmula ou vindo do motor de cálculo (valores fixos, mesma metodologia da planilha de apoio).
A4: Item | B4: Unid. | C4: Nível 3 - completa | D4: Nível 2 - limitada | E4: Nível 1 - parcial
A5: Cordoalhas por cabo (2 cabos) | C5: 5 | D5: 4 | E5: 2
A6: Cordoalhas totais Ø12,7 | C6: =2*C5 | D6: =2*D5 | E6: =2*E5
A7: Ap | B7: cm² | C7: =C6*Parametros!$D$8 | D7: =D6*Parametros!$D$8 | E7: =E6*Parametros!$D$8
A8: Pj = σp,j·Ap | B8: kN | C8: =Parametros!$D$9*Parametros!$D$7*C7/10 | D8: =Parametros!$D$9*Parametros!$D$7*D7/10 | E8: =Parametros!$D$9*Parametros!$D$7*E7/10
A9: P∞ mínimo ao longo do cabo | B9: kN | C9: 939 | D9: 776 | E9: 411
A10: P∞ máximo ao longo do cabo | B10: kN | C10: 1050 | D10: 853 | E10: 442
A11: Carga equilibrada 8·f·P∞,mín/L² | B11: kN/m | C11: =8*Parametros!$D$5*C9/Parametros!$D$4^2 | D11: =8*Parametros!$D$5*D9/Parametros!$D$4^2 | E11: =8*Parametros!$D$5*E9/Parametros!$D$4^2
A12: Fração de g+ψ2·q equilibrada | B12: % | C12: =C11/Parametros!$D$6*100 | D12: =D11/Parametros!$D$6*100 | E12: =E11/Parametros!$D$6*100
A13: Tração máxima na comb. frequente | B13: MPa | C13: -0.45 | D13: -0.7 | E13: 3.94
A14: Margem ELS-D do critério do nível | B14: MPa | C14: 0.45 | D14: 1.04 | E14: n/a
A15: Margem ELS-F do critério do nível | B15: MPa | C15: 0.6 | D15: 3.14 | E15: n/a
A16: Seção fissura na comb. frequente? | C16: =IF(C13>Parametros!$D$12,"sim","não") | D16: =IF(D13>Parametros!$D$12,"sim","não") | E16: =IF(E13>Parametros!$D$12,"sim (apoio B)","não")
A17: Atende ao nível 3? | C17: sim | D17: não (rara excede 1,49 MPa) | E17: não
A18: Atende ao nível 2? | C18: sim | D18: sim | E18: não (quase permanente)
A19: Armadura passiva do ato, face inferior sobre B (σs = 250 MPa) | B19: cm² | C19: 4.9 | D19: 3.2 | E19: 0
A20: Passiva no ELU no apoio B | C20: A' = 4,9 cm² (compressão) | D20: 2 Ø16 = 4,0 cm² | E20: 4 Ø20 = 12,6 cm²
A21: Passiva no ELU no vão | C21: A' = 2,5 cm² (compressão) | D21: não necessária | E21: 2 Ø20 = 6,3 cm²
A22: MRd/Msd no apoio B | C22: 1.26 | D22: 1.14 | E22: 1.01
A23: MRd/Msd no vão | C23: 1.6 | D23: 1.31 | E23: 1.09
A24: wk na comb. frequente (apoio B) | B24: mm | C24: não fissura | D24: não fissura | E24: 0.03
A25: wk ≤ limite? | C25: — | D25: — | E25: =IF(E24<=Parametros!$D$13,"sim","não")
A26: Flecha final quase permanente (+ para baixo) | B26: mm | C26: -2.8 | D26: -0.2 | E26: 5.4
A27: Massa de aço ativo | B27: kg | C27: =C6*Parametros!$D$10*Parametros!$D$11 | D27: =D6*Parametros!$D$10*Parametros!$D$11 | E27: =E6*Parametros!$D$10*Parametros!$D$11
A28: P∞ em x = 4 m | B28: kN | C28: 942 | D28: 779 | E28: 416
A29: P∞ no apoio central B | B29: kN | C29: 976 | D29: 806 | E29: 431
A30: Diâmetro externo da bainha (níveis 2 e 1: adotado) | B30: mm | C30: 61 | D30: 55 | E30: 45
A31: Alongamento por extremidade (depende só do atrito) | B31: mm | C31: 67.4 | D31: 67.4 | E31: 67.4
A32: Desenho DXF 1:50 (A2) | C32: Viga_Continua_CP_Forma_e_Cabos.dxf | D32: Viga_Continua_CP_Nivel2_Forma_e_Cabos.dxf | E32: Viga_Continua_CP_Nivel1_Forma_e_Cabos.dxf
A33: Tração máxima na comb. quase permanente | B33: MPa | C33: -0.45 | D33: -1.04 | E33: 3.17

Sheet Parametros
A1: Parâmetros comuns (viga contínua 2 × 10 m, 30×90, C30, CAA II)
A3: Símbolo | B3: Descrição | C3: Unid. | D3: Valor
A4: L | B4: Vão de cada tramo | C4: m | D4: 10
A5: f | B5: Flecha do cabo f = e_vão + e_sup/2 | C5: m | D5: 0.42
A6: pbal | B6: Carga a equilibrar g + ψ2·q | C6: kN/m | D6: 27.5
A7: fptk | B7: fptk (CP190 RB) | C7: MPa | D7: 1900
A8: Ap1 | B8: Área de 1 cordoalha Ø12,7 | C8: cm² | D8: 0.987
A9: sj | B9: σp,j / fptk | D9: 0.74
A10: Lcab | B10: Comprimento do cabo | C10: m | D10: 20.09
A11: mlin | B11: Massa linear de 1 cordoalha | C11: kg/m | D11: 0.793
A12: ft | B12: Limite de tração 1,2·fctk,inf | C12: MPa | D12: 2.43
A13: wlim | B13: Abertura-limite (CAA II) | C13: mm | D13: 0.2

Sheet Criterios
A1: Níveis de protensão - NBR 6118, Tab. 13.4 (pós-tração, CAA II)
A3: Nível | B3: Protensão | C3: ELS-D (descompressão) | D3: ELS-F (formação de fissuras) | E3: ELS-W (abertura de fissuras)
A4: 3 | B4: Completa | C4: Comb. frequente: σ ≤ 0 | D4: Comb. rara: σ ≤ 1,2·fctk,inf | E4: não exigido
A5: 2 | B5: Limitada | C5: Comb. quase permanente: σ ≤ 0 | D5: Comb. frequente: σ ≤ 1,2·fctk,inf | E5: não exigido
A6: 1 | B6: Parcial | C6: não exigido | D6: não exigido | E6: Comb. frequente: wk ≤ 0,2 mm
A8: Nível 2 é o mínimo indicado para pós-tração em CAA II. CF = combinação frequente (CFQ nas aulas), CQP = quase permanente, CR = rara.

Sheet Notas
A1: Notas e ressalvas
A3: • Com 8 cordoalhas a viga atende ao nível 2, mas não ao 3: a tração na combinação rara excede o limite em 1,49 MPa.
A4: • Com 6 cordoalhas já não há descompressão na quase permanente (violação de 0,77 MPa).
A5: • Nível 1: o apoio B fissura sob a combinação frequente (3,94 MPa > 2,43 MPa), mas wk = 0,03 mm, abaixo de 0,2 mm, porque a armadura passiva do ELU (4 Ø20) é grande.
A6: • Fissuração calculada na seção fissurada com a protensão como carga externa; o acréscimo de tensão do cabo aderente foi desprezado.
A7: • Cisalhamento, ancoragens e armadura mínima não foram reavaliados para as soluções dos níveis 1 e 2.
A8: • g adicional = 13,25 kN/m e q = 25 kN/m seguem como valores adotados, a confirmar com a viga biapoiada.
A9: • Diâmetros de bainha dos níveis 2 e 1 (55 e 45 mm) são adotados e devem ser confirmados com o fornecedor.
A10: • Valores fixos vêm de Planilha_Apoio_Viga_Continua_CP.xlsx (abas Niveis e Niveis_Comparativo).
