Workbook

Sheet Dados
A1: PLANILHA DE APOIO - VIGA CONTÍNUA PROTENDIDA (2 × 10 m)
A2: Células amarelas = dados de entrada. Todas as demais abas são recalculadas a partir desta aba. Unidades: kN, m, MPa (salvo indicação).
A4: 1. Geometria e materiais
A5: L | B5: Vão de cada tramo | C5: 10 | D5: m | E5: viga contínua de 2 vãos iguais
A6: bw | B6: Largura da seção | C6: 0.3 | D6: m
A7: h | B7: Altura da seção | C7: 0.9 | D7: m
A8: Ac | B8: Área Ac | C8: =$C$6*$C$7 | D8: m²
A9: Ic | B9: Inércia Ic | C9: =$C$6*$C$7^3/12 | D9: m⁴
A10: W | B10: Módulo resistente W1 = W2 | C10: =$C$9/($C$7/2) | D10: m³
A11: k | B11: Núcleo central k = W/Ac | C11: =$C$10/$C$8 | D11: m
A12: fck | B12: fck | C12: 30 | D12: MPa
A13: gc | B13: γc | C13: 1.4
A14: fcd | B14: fcd | C14: =$C$12/$C$13 | D14: MPa
A15: fctm | B15: fct,m = 0,3·fck^(2/3) | C15: =0.3*$C$12^(2/3) | D15: MPa
A16: fctkinf | B16: fctk,inf = 0,7·fct,m | C16: =0.7*$C$15 | D16: MPa
A17: fctd | B17: fctd = fctk,inf/γc | C17: =$C$16/$C$13 | D17: MPa
A18: Eci | B18: Eci = 5600·√fck | C18: =5600*SQRT($C$12) | D18: MPa
A19: ai | B19: αi = 0,8+0,2·fck/80 ≤ 1 | C19: =MIN(0.8+0.2*$C$12/80,1)
A20: Ecs | B20: Ecs = αi·Eci | C20: =$C$19*$C$18 | D20: MPa
A21: t0 | B21: Idade da protensão (ato) | C21: 7 | D21: dias
A22: fcj | B22: fcj = exp[0,38(1-√(28/t))]·fck | C22: =EXP(0.38*(1-SQRT(28/$C$21)))*$C$12 | D22: MPa
A23: Ecij | B23: Eci,j = 5600·√fcj | C23: =5600*SQRT($C$22) | D23: MPa
A24: fctmj | B24: fct,m,j | C24: =0.3*$C$22^(2/3) | D24: MPa
A25: ft_els | B25: Limite de tração ELS-F: 1,2·fctk,inf | C25: =1.2*$C$16 | D25: MPa
A26: ft_ato | B26: Limite de tração no ato: 1,2·fct,m,j | C26: =1.2*$C$24 | D26: MPa
A27: fc_ato | B27: Limite de compressão no ato: 0,7·fcj | C27: =0.7*$C$22 | D27: MPa
A28: fc_els | B28: Limite de compressão em serviço: 0,7·fck | C28: =0.7*$C$12 | D28: MPa
A29: 2. Ações
A30: gpp | B30: Peso próprio g0 = 25·Ac | C30: =25*$C$8 | D30: kN/m
A31: gadd | B31: Carga permanente adicional (tabuleiro, piso, guarda-corpo) | C31: 13.25 | D31: kN/m | E31: ADOTADO - provisório (confirmar com a biapoiada)
A32: g | B32: Carga permanente total g | C32: =$C$30+$C$31 | D32: kN/m
A33: q | B33: Sobrecarga q (passarela) | C33: 25 | D33: kN/m | E33: ADOTADO - provisório (5 kN/m² × 5 m)
A34: psi1 | B34: ψ1 (passarela, NBR 8681) | C34: 0.4
A35: psi2 | B35: ψ2 (passarela, NBR 8681) | C35: 0.3
A36: pbal | B36: a) Carga a equilibrar = g + ψ2·q | C36: =$C$32+$C$35*$C$33 | D36: kN/m
A37: 3. Cobrimento, excentricidades e traçado do cabo resultante
A38: cnom | B38: Cobrimento nominal (CAA II, protendido) | C38: 0.035 | D38: m
A39: phit | B39: Estribo Ø | C39: 0.01 | D39: m
A40: dbain | B40: Bainha: diâmetro externo (5 Ø12,7) | C40: 0.061 | D40: m
A41: dpp | B41: d' = c + Øestribo + Øbainha/2 | C41: =$C$38+$C$39+$C$40/2 | D41: m
A42: emax | B42: b) e_max = h/2 - d' | C42: =$C$7/2-$C$41 | D42: m
A43: e_end | B43: Excentricidade na ancoragem | C43: 0 | D43: m | E43: + abaixo do CG
A44: e_span | B44: Excentricidade máx. no vão (abaixo do CG) | C44: 0.28 | D44: m
A45: e_sup | B45: Excentricidade no apoio central (acima do CG) | C45: 0.28 | D45: m
A46: lam | B46: Comprimento da parábola reversa junto ao apoio | C46: 1 | D46: m
A47: xi | B47: x_i = L - λ (início da parábola reversa) | C47: =$C$5-$C$46 | D47: m
A48: cc | B48: c = e_vão - e_ancoragem | C48: =$C$44-$C$43 | D48: m
A49: qA | B49: coef. A da equação de x0 | C49: =$C$45+$C$43
A50: qB | B50: coef. B da equação de x0 | C50: =$C$48*($C$47+$C$5)
A51: qC | B51: coef. C da equação de x0 | C51: =-$C$48*$C$47*$C$5
A52: x0 | B52: x0 (vértice da parábola do vão) | C52: =(-$C$50+SQRT($C$50^2-4*$C$49*$C$51))/(2*$C$49) | D52: m
A53: aA | B53: aA = c/x0² | C53: =$C$48/$C$52^2 | D53: 1/m
A54: aB | B54: aB = aA·(xi-x0)/λ | C54: =$C$53*($C$47-$C$52)/$C$46 | D54: 1/m
A55: 4. Armadura ativa
A56: ncab | B56: Número de cabos | C56: 2
A57: ncord | B57: Cordoalhas por cabo | C57: 5
A58: Ap1 | B58: Área de 1 cordoalha CP190 RB Ø12,7 | C58: 0.987 | D58: cm²
A59: Ap | B59: Ap total | C59: =$C$56*$C$57*$C$58/10000 | D59: m²
A60: fptk | B60: fptk (CP190 RB) | C60: 1900 | D60: MPa
A61: fpyk | B61: fpyk = 0,9·fptk (RB) | C61: =0.9*$C$60 | D61: MPa
A62: gs | B62: γs | C62: 1.15
A63: fpyd | B63: fpyd | C63: =$C$61/$C$62 | D63: MPa
A64: fptd | B64: fptd | C64: =$C$60/$C$62 | D64: MPa
A65: Ep | B65: Ep | C65: 200000 | D65: MPa
A66: rj | B66: σp,j / fptk no macaco (pós-tração, RB: 0,74) | C66: 0.74
A67: sj | B67: σp,j | C67: =$C$66*$C$60 | D67: MPa
A68: Pj | B68: Força de macaco Pj = Ap·σp,j | C68: =$C$59*$C$67*1000 | D68: kN
A69: 5. Perdas de protensão
A70: mu | B70: Coeficiente de atrito μ (cordoalha em bainha metálica) | C70: 0.2 | D70: 1/rad
A71: kk | B71: Perda parasita k (=0,01·μ) | C71: 0.002 | D71: 1/m
A72: slip | B72: Cravação das cunhas (acomodação) | C72: 0.006 | D72: m
A73: phi | B73: Coeficiente de fluência φ(t∞,t0) | C73: 2.9 | E73: Tab. 8.2 NBR 6118 (UR≈75%, hfic≈22 cm, t0≈7 d) - interpolado; CONFERIR
A74: ecs | B74: Retração εcs(t∞,t0) | C74: -0.00023 | E74: idem
A75: ap_ato | B75: αp = Ep/Eci,j (ato) | C75: =$C$65/$C$23
A76: ap28 | B76: αp = Ep/Ecs (progressivas) | C76: =$C$65/$C$20
A77: cES | B77: Fator de encurtamento elástico (n-1)/(2n)·αp | C77: =$C$75*($C$56-1)/(2*$C$56)
A78: rho_p | B78: ρp = Ap/Ac | C78: =$C$59/$C$8
A79: kc | B79: Nº de estações do trecho 0..L com Δ < cravação | C79: =COUNTIF(Tracado_Perdas!$O$8:$O$28,"<"&$C$72) | E79: auxiliar - zona de acomodação
A80: fint | B80: Fração de interpolação | C80: =($C$72-INDEX(Tracado_Perdas!$O$8:$O$28,$C$79))/(INDEX(Tracado_Perdas!$O$8:$O$28,$C$79+1)-INDEX(Tracado_Perdas!$O$8:$O$28,$C$79))
A81: xa | B81: Alcance da acomodação xa (a partir de cada extremidade) | C81: =INDEX(Tracado_Perdas!$B$8:$B$28,$C$79)+$C$80*0.5 | D81: m
A82: sfa | B82: σ(xa) pelo atrito | C82: =INDEX(Tracado_Perdas!$M$8:$M$28,$C$79)+$C$80*(INDEX(Tracado_Perdas!$M$8:$M$28,$C$79+1)-INDEX(Tracado_Perdas!$M$8:$M$28,$C$79)) | D82: MPa
A83: 6. Armaduras passivas / cisalhamento
A84: fyk | B84: fyk (CA-50) | C84: 500 | D84: MPa
A85: fyd | B85: fyd | C85: =$C$84/$C$13*$C$13/$C$62 | D85: MPa
A86: Es | B86: Es | C86: 210000 | D86: MPa
A87: dd | B87: d = 0,9·h (cisalhamento) | C87: =0.9*$C$7 | D87: m
A88: tauc | B88: τc = 0,6·fctd | C88: =0.6*$C$17 | D88: MPa
A89: tauu | B89: τu = 0,27·(1-fck/250)·fcd | C89: =0.27*(1-$C$12/250)*$C$14 | D89: MPa
A90: rhomin | B90: ρsw,min = 0,2·fct,m/fywk | C90: =0.2*$C$15/$C$84
A91: bwred | B91: bw,red = bw - ½ΣØbainha | C91: =IF($C$40>$C$6/8,$C$6-0.5*$C$56*$C$40,$C$6) | D91: m

Sheet Esforcos
A1: Esforços externos - viga contínua de 2 vãos iguais (envoltórias)
A2: Momento positivo = tração embaixo. Padrões de sobrecarga: ambos os vãos, só o vão do ponto, só o outro vão. Estações a cada 0,5 m (0 a 20 m).
A6: i | B6: x | C6: s (espelho) | D6: Mg0 (g0) | E6: Mg (g) | F6: Mq,máx | G6: Mq,mín | H6: M CFQ,máx = Mg+ψ1Mq+ | I6: M CFQ,mín = Mg+ψ1Mq- | J6: M CR,máx = Mg+Mq+ | K6: M CR,mín = Mg+Mq- | L6: Vg | M6: Vq,máx | N6: Vq,mín
B7: m | C7: m | D7: kN·m | E7: kN·m | F7: kN·m | G7: kN·m | H7: kN·m | I7: kN·m | J7: kN·m | K7: kN·m | L7: kN | M7: kN | N7: kN
A8: 0 | B8: =A8*0.5 | C8: =IF(B8<=Dados!$C$5,B8,2*Dados!$C$5-B8) | D8: =(3*Dados!$C$30*Dados!$C$5*C8/8-Dados!$C$30*C8^2/2) | E8: =(3*Dados!$C$32*Dados!$C$5*C8/8-Dados!$C$32*C8^2/2) | F8: =MAX(0,(3*Dados!$C$33*Dados!$C$5*C8/8-Dados!$C$33*C8^2/2),(7*Dados!$C$33*Dados!$C$5*C8/16-Dados!$C$33*C8^2/2),(-Dados!$C$33*Dados!$C$5*C8/16)) | G8: =MIN(0,(3*Dados!$C$33*Dados!$C$5*C8/8-Dados!$C$33*C8^2/2),(7*Dados!$C$33*Dados!$C$5*C8/16-Dados!$C$33*C8^2/2),(-Dados!$C$33*Dados!$C$5*C8/16)) | H8: =E8+Dados!$C$34*F8 | I8: =E8+Dados!$C$34*G8 | J8: =E8+F8 | K8: =E8+G8 | L8: =IF(B8<=Dados!$C$5,1,-1)*(3*Dados!$C$32*Dados!$C$5/8-Dados!$C$32*C8) | M8: =IF(B8<=Dados!$C$5,MAX(0,(3*Dados!$C$33*Dados!$C$5/8-Dados!$C$33*C8),(7*Dados!$C$33*Dados!$C$5/16-Dados!$C$33*C8),(-Dados!$C$33*Dados!$C$5/16)),-MIN(0,(3*Dados!$C$33*Dados!$C$5/8-Dados!$C$33*C8),(7*Dados!$C$33*Dados!$C$5/16-Dados!$C$33*C8),(-Dados!$C$33*Dados!$C$5/16))) | N8: =IF(B8<=Dados!$C$5,MIN(0,(3*Dados!$C$33*Dados!$C$5/8-Dados!$C$33*C8),(7*Dados!$C$33*Dados!$C$5/16-Dados!$C$33*C8),(-Dados!$C$33*Dados!$C$5/16)),-MAX(0,(3*Dados!$C$33*Dados!$C$5/8-Dados!$C$33*C8),(7*Dados!$C$33*Dados!$C$5/16-Dados!$C$33*C8),(-Dados!$C$33*Dados!$C$5/16)))
A9: 1 | B9: =A9*0.5 | C9: =IF(B9<=Dados!$C$5,B9,2*Dados!$C$5-B9) | D9: =(3*Dados!$C$30*Dados!$C$5*C9/8-Dados!$C$30*C9^2/2) | E9: =(3*Dados!$C$32*Dados!$C$5*C9/8-Dados!$C$32*C9^2/2) | F9: =MAX(0,(3*Dados!$C$33*Dados!$C$5*C9/8-Dados!$C$33*C9^2/2),(7*Dados!$C$33*Dados!$C$5*C9/16-Dados!$C$33*C9^2/2),(-Dados!$C$33*Dados!$C$5*C9/16)) | G9: =MIN(0,(3*Dados!$C$33*Dados!$C$5*C9/8-Dados!$C$33*C9^2/2),(7*Dados!$C$33*Dados!$C$5*C9/16-Dados!$C$33*C9^2/2),(-Dados!$C$33*Dados!$C$5*C9/16)) | H9: =E9+Dados!$C$34*F9 | I9: =E9+Dados!$C$34*G9 | J9: =E9+F9 | K9: =E9+G9 | L9: =IF(B9<=Dados!$C$5,1,-1)*(3*Dados!$C$32*Dados!$C$5/8-Dados!$C$32*C9) | M9: =IF(B9<=Dados!$C$5,MAX(0,(3*Dados!$C$33*Dados!$C$5/8-Dados!$C$33*C9),(7*Dados!$C$33*Dados!$C$5/16-Dados!$C$33*C9),(-Dados!$C$33*Dados!$C$5/16)),-MIN(0,(3*Dados!$C$33*Dados!$C$5/8-Dados!$C$33*C9),(7*Dados!$C$33*Dados!$C$5/16-Dados!$C$33*C9),(-Dados!$C$33*Dados!$C$5/16))) | N9: =IF(B9<=Dados!$C$5,MIN(0,(3*Dados!$C$33*Dados!$C$5/8-Dados!$C$33*C9),(7*Dados!$C$33*Dados!$C$5/16-Dados!$C$33*C9),(-Dados!$C$33*Dados!$C$5/16)),-MAX(0,(3*Dados!$C$33*Dados!$C$5/8-Dados!$C$33*C9),(7*Dados!$C$33*Dados!$C$5/16-Dados!$C$33*C9),(-Dados!$C$33*Dados!$C$5/16)))
A10: 2 | B10: =A10*0.5 | C10: =IF(B10<=Dados!$C$5,B10,2*Dados!$C$5-B10) | D10: =(3*Dados!$C$30*Dados!$C$5*C10/8-Dados!$C$30*C10^2/2) | E10: =(3*Dados!$C$32*Dados!$C$5*C10/8-Dados!$C$32*C10^2/2) | F10: =MAX(0,(3*Dados!$C$33*Dados!$C$5*C10/8-Dados!$C$33*C10^2/2),(7*Dados!$C$33*Dados!$C$5*C10/16-Dados!$C$33*C10^2/2),(-Dados!$C$33*Dados!$C$5*C10/16)) | G10: =MIN(0,(3*Dados!$C$33*Dados!$C$5*C10/8-Dados!$C$33*C10^2/2),(7*Dados!$C$33*Dados!$C$5*C10/16-Dados!$C$33*C10^2/2),(-Dados!$C$33*Dados!$C$5*C10/16)) | H10: =E10+Dados!$C$34*F10 | I10: =E10+Dados!$C$34*G10 | J10: =E10+F10 | K10: =E10+G10 | L10: =IF(B10<=Dados!$C$5,1,-1)*(3*Dados!$C$32*Dados!$C$5/8-Dados!$C$32*C10) | M10: =IF(B10<=Dados!$C$5,MAX(0,(3*Dados!$C$33*Dados!$C$5/8-Dados!$C$33*C10),(7*Dados!$C$33*Dados!$C$5/16-Dados!$C$33*C10),(-Dados!$C$33*Dados!$C$5/16)),-MIN(0,(3*Dados!$C$33*Dados!$C$5/8-Dados!$C$33*C10),(7*Dados!$C$33*Dados!$C$5/16-Dados!$C$33*C10),(-Dados!$C$33*Dados!$C$5/16))) | N10: =IF(B10<=Dados!$C$5,MIN(0,(3*Dados!$C$33*Dados!$C$5/8-Dados!$C$33*C10),(7*Dados!$C$33*Dados!$C$5/16-Dados!$C$33*C10),(-Dados!$C$33*Dados!$C$5/16)),-MAX(0,(3*Dados!$C$33*Dados!$C$5/8-Dados!$C$33*C10),(7*Dados!$C$33*Dados!$C$5/16-Dados!$C$33*C10),(-Dados!$C$33*Dados!$C$5/16)))
A11: 3 | B11: =A11*0.5 | C11: =IF(B11<=Dados!$C$5,B11,2*Dados!$C$5-B11) | D11: =(3*Dados!$C$30*Dados!$C$5*C11/8-Dados!$C$30*C11^2/2) | E11: =(3*Dados!$C$32*Dados!$C$5*C11/8-Dados!$C$32*C11^2/2) | F11: =MAX(0,(3*Dados!$C$33*Dados!$C$5*C11/8-Dados!$C$33*C11^2/2),(7*Dados!$C$33*Dados!$C$5*C11/16-Dados!$C$33*C11^2/2),(-Dados!$C$33*Dados!$C$5*C11/16)) | G11: =MIN(0,(3*Dados!$C$33*Dados!$C$5*C11/8-Dados!$C$33*C11^2/2),(7*Dados!$C$33*Dados!$C$5*C11/16-Dados!$C$33*C11^2/2),(-Dados!$C$33*Dados!$C$5*C11/16)) | H11: =E11+Dados!$C$34*F11 | I11: =E11+Dados!$C$34*G11 | J11: =E11+F11 | K11: =E11+G11 | L11: =IF(B11<=Dados!$C$5,1,-1)*(3*Dados!$C$32*Dados!$C$5/8-Dados!$C$32*C11) | M11: =IF(B11<=Dados!$C$5,MAX(0,(3*Dados!$C$33*Dados!$C$5/8-Dados!$C$33*C11),(7*Dados!$C$33*Dados!$C$5/16-Dados!$C$33*C11),(-Dados!$C$33*Dados!$C$5/16)),-MIN(0,(3*Dados!$C$33*Dados!$C$5/8-Dados!$C$33*C11),(7*Dados!$C$33*Dados!$C$5/16-Dados!$C$33*C11),(-Dados!$C$33*Dados!$C$5/16))) | N11: =IF(B11<=Dados!$C$5,MIN(0,(3*Dados!$C$33*Dados!$C$5/8-Dados!$C$33*C11),(7*Dados!$C$33*Dados!$C$5/16-Dados!$C$33*C11),(-Dados!$C$33*Dados!$C$5/16)),-MAX(0,(3*Dados!$C$33*Dados!$C$5/8-Dados!$C$33*C11),(7*Dados!$C$33*Dados!$C$5/16-Dados!$C$33*C11),(-Dados!$C$33*Dados!$C$5/16)))
A12: 4 | B12: =A12*0.5 | C12: =IF(B12<=Dados!$C$5,B12,2*Dados!$C$5-B12) | D12: =(3*Dados!$C$30*Dados!$C$5*C12/8-Dados!$C$30*C12^2/2) | E12: =(3*Dados!$C$32*Dados!$C$5*C12/8-Dados!$C$32*C12^2/2) | F12: =MAX(0,(3*Dados!$C$33*Dados!$C$5*C12/8-Dados!$C$33*C12^2/2),(7*Dados!$C$33*Dados!$C$5*C12/16-Dados!$C$33*C12^2/2),(-Dados!$C$33*Dados!$C$5*C12/16)) | G12: =MIN(0,(3*Dados!$C$33*Dados!$C$5*C12/8-Dados!$C$33*C12^2/2),(7*Dados!$C$33*Dados!$C$5*C12/16-Dados!$C$33*C12^2/2),(-Dados!$C$33*Dados!$C$5*C12/16)) | H12: =E12+Dados!$C$34*F12 | I12: =E12+Dados!$C$34*G12 | J12: =E12+F12 | K12: =E12+G12 | L12: =IF(B12<=Dados!$C$5,1,-1)*(3*Dados!$C$32*Dados!$C$5/8-Dados!$C$32*C12) | M12: =IF(B12<=Dados!$C$5,MAX(0,(3*Dados!$C$33*Dados!$C$5/8-Dados!$C$33*C12),(7*Dados!$C$33*Dados!$C$5/16-Dados!$C$33*C12),(-Dados!$C$33*Dados!$C$5/16)),-MIN(0,(3*Dados!$C$33*Dados!$C$5/8-Dados!$C$33*C12),(7*Dados!$C$33*Dados!$C$5/16-Dados!$C$33*C12),(-Dados!$C$33*Dados!$C$5/16))) | N12: =IF(B12<=Dados!$C$5,MIN(0,(3*Dados!$C$33*Dados!$C$5/8-Dados!$C$33*C12),(7*Dados!$C$33*Dados!$C$5/16-Dados!$C$33*C12),(-Dados!$C$33*Dados!$C$5/16)),-MAX(0,(3*Dados!$C$33*Dados!$C$5/8-Dados!$C$33*C12),(7*Dados!$C$33*Dados!$C$5/16-Dados!$C$33*C12),(-Dados!$C$33*Dados!$C$5/16)))
A13: 5 | B13: =A13*0.5 | C13: =IF(B13<=Dados!$C$5,B13,2*Dados!$C$5-B13) | D13: =(3*Dados!$C$30*Dados!$C$5*C13/8-Dados!$C$30*C13^2/2) | E13: =(3*Dados!$C$32*Dados!$C$5*C13/8-Dados!$C$32*C13^2/2) | F13: =MAX(0,(3*Dados!$C$33*Dados!$C$5*C13/8-Dados!$C$33*C13^2/2),(7*Dados!$C$33*Dados!$C$5*C13/16-Dados!$C$33*C13^2/2),(-Dados!$C$33*Dados!$C$5*C13/16)) | G13: =MIN(0,(3*Dados!$C$33*Dados!$C$5*C13/8-Dados!$C$33*C13^2/2),(7*Dados!$C$33*Dados!$C$5*C13/16-Dados!$C$33*C13^2/2),(-Dados!$C$33*Dados!$C$5*C13/16)) | H13: =E13+Dados!$C$34*F13 | I13: =E13+Dados!$C$34*G13 | J13: =E13+F13 | K13: =E13+G13 | L13: =IF(B13<=Dados!$C$5,1,-1)*(3*Dados!$C$32*Dados!$C$5/8-Dados!$C$32*C13) | M13: =IF(B13<=Dados!$C$5,MAX(0,(3*Dados!$C$33*Dados!$C$5/8-Dados!$C$33*C13),(7*Dados!$C$33*Dados!$C$5/16-Dados!$C$33*C13),(-Dados!$C$33*Dados!$C$5/16)),-MIN(0,(3*Dados!$C$33*Dados!$C$5/8-Dados!$C$33*C13),(7*Dados!$C$33*Dados!$C$5/16-Dados!$C$33*C13),(-Dados!$C$33*Dados!$C$5/16))) | N13: =IF(B13<=Dados!$C$5,MIN(0,(3*Dados!$C$33*Dados!$C$5/8-Dados!$C$33*C13),(7*Dados!$C$33*Dados!$C$5/16-Dados!$C$33*C13),(-Dados!$C$33*Dados!$C$5/16)),-MAX(0,(3*Dados!$C$33*Dados!$C$5/8-Dados!$C$33*C13),(7*Dados!$C$33*Dados!$C$5/16-Dados!$C$33*C13),(-Dados!$C$33*Dados!$C$5/16)))
A14: 6 | B14: =A14*0.5 | C14: =IF(B14<=Dados!$C$5,B14,2*Dados!$C$5-B14) | D14: =(3*Dados!$C$30*Dados!$C$5*C14/8-Dados!$C$30*C14^2/2) | E14: =(3*Dados!$C$32*Dados!$C$5*C14/8-Dados!$C$32*C14^2/2) | F14: =MAX(0,(3*Dados!$C$33*Dados!$C$5*C14/8-Dados!$C$33*C14^2/2),(7*Dados!$C$33*Dados!$C$5*C14/16-Dados!$C$33*C14^2/2),(-Dados!$C$33*Dados!$C$5*C14/16)) | G14: =MIN(0,(3*Dados!$C$33*Dados!$C$5*C14/8-Dados!$C$33*C14^2/2),(7*Dados!$C$33*Dados!$C$5*C14/16-Dados!$C$33*C14^2/2),(-Dados!$C$33*Dados!$C$5*C14/16)) | H14: =E14+Dados!$C$34*F14 | I14: =E14+Dados!$C$34*G14 | J14: =E14+F14 | K14: =E14+G14 | L14: =IF(B14<=Dados!$C$5,1,-1)*(3*Dados!$C$32*Dados!$C$5/8-Dados!$C$32*C14) | M14: =IF(B14<=Dados!$C$5,MAX(0,(3*Dados!$C$33*Dados!$C$5/8-Dados!$C$33*C14),(7*Dados!$C$33*Dados!$C$5/16-Dados!$C$33*C14),(-Dados!$C$33*Dados!$C$5/16)),-MIN(0,(3*Dados!$C$33*Dados!$C$5/8-Dados!$C$33*C14),(7*Dados!$C$33*Dados!$C$5/16-Dados!$C$33*C14),(-Dados!$C$33*Dados!$C$5/16))) | N14: =IF(B14<=Dados!$C$5,MIN(0,(3*Dados!$C$33*Dados!$C$5/8-Dados!$C$33*C14),(7*Dados!$C$33*Dados!$C$5/16-Dados!$C$33*C14),(-Dados!$C$33*Dados!$C$5/16)),-MAX(0,(3*Dados!$C$33*Dados!$C$5/8-Dados!$C$33*C14),(7*Dados!$C$33*Dados!$C$5/16-Dados!$C$33*C14),(-Dados!$C$33*Dados!$C$5/16)))
A15: 7 | B15: =A15*0.5 | C15: =IF(B15<=Dados!$C$5,B15,2*Dados!$C$5-B15) | D15: =(3*Dados!$C$30*Dados!$C$5*C15/8-Dados!$C$30*C15^2/2) | E15: =(3*Dados!$C$32*Dados!$C$5*C15/8-Dados!$C$32*C15^2/2) | F15: =MAX(0,(3*Dados!$C$33*Dados!$C$5*C15/8-Dados!$C$33*C15^2/2),(7*Dados!$C$33*Dados!$C$5*C15/16-Dados!$C$33*C15^2/2),(-Dados!$C$33*Dados!$C$5*C15/16)) | G15: =MIN(0,(3*Dados!$C$33*Dados!$C$5*C15/8-Dados!$C$33*C15^2/2),(7*Dados!$C$33*Dados!$C$5*C15/16-Dados!$C$33*C15^2/2),(-Dados!$C$33*Dados!$C$5*C15/16)) | H15: =E15+Dados!$C$34*F15 | I15: =E15+Dados!$C$34*G15 | J15: =E15+F15 | K15: =E15+G15 | L15: =IF(B15<=Dados!$C$5,1,-1)*(3*Dados!$C$32*Dados!$C$5/8-Dados!$C$32*C15) | M15: =IF(B15<=Dados!$C$5,MAX(0,(3*Dados!$C$33*Dados!$C$5/8-Dados!$C$33*C15),(7*Dados!$C$33*Dados!$C$5/16-Dados!$C$33*C15),(-Dados!$C$33*Dados!$C$5/16)),-MIN(0,(3*Dados!$C$33*Dados!$C$5/8-Dados!$C$33*C15),(7*Dados!$C$33*Dados!$C$5/16-Dados!$C$33*C15),(-Dados!$C$33*Dados!$C$5/16))) | N15: =IF(B15<=Dados!$C$5,MIN(0,(3*Dados!$C$33*Dados!$C$5/8-Dados!$C$33*C15),(7*Dados!$C$33*Dados!$C$5/16-Dados!$C$33*C15),(-Dados!$C$33*Dados!$C$5/16)),-MAX(0,(3*Dados!$C$33*Dados!$C$5/8-Dados!$C$33*C15),(7*Dados!$C$33*Dados!$C$5/16-Dados!$C$33*C15),(-Dados!$C$33*Dados!$C$5/16)))
A16: 8 | B16: =A16*0.5 | C16: =IF(B16<=Dados!$C$5,B16,2*Dados!$C$5-B16) | D16: =(3*Dados!$C$30*Dados!$C$5*C16/8-Dados!$C$30*C16^2/2) | E16: =(3*Dados!$C$32*Dados!$C$5*C16/8-Dados!$C$32*C16^2/2) | F16: =MAX(0,(3*Dados!$C$33*Dados!$C$5*C16/8-Dados!$C$33*C16^2/2),(7*Dados!$C$33*Dados!$C$5*C16/16-Dados!$C$33*C16^2/2),(-Dados!$C$33*Dados!$C$5*C16/16)) | G16: =MIN(0,(3*Dados!$C$33*Dados!$C$5*C16/8-Dados!$C$33*C16^2/2),(7*Dados!$C$33*Dados!$C$5*C16/16-Dados!$C$33*C16^2/2),(-Dados!$C$33*Dados!$C$5*C16/16)) | H16: =E16+Dados!$C$34*F16 | I16: =E16+Dados!$C$34*G16 | J16: =E16+F16 | K16: =E16+G16 | L16: =IF(B16<=Dados!$C$5,1,-1)*(3*Dados!$C$32*Dados!$C$5/8-Dados!$C$32*C16) | M16: =IF(B16<=Dados!$C$5,MAX(0,(3*Dados!$C$33*Dados!$C$5/8-Dados!$C$33*C16),(7*Dados!$C$33*Dados!$C$5/16-Dados!$C$33*C16),(-Dados!$C$33*Dados!$C$5/16)),-MIN(0,(3*Dados!$C$33*Dados!$C$5/8-Dados!$C$33*C16),(7*Dados!$C$33*Dados!$C$5/16-Dados!$C$33*C16),(-Dados!$C$33*Dados!$C$5/16))) | N16: =IF(B16<=Dados!$C$5,MIN(0,(3*Dados!$C$33*Dados!$C$5/8-Dados!$C$33*C16),(7*Dados!$C$33*Dados!$C$5/16-Dados!$C$33*C16),(-Dados!$C$33*Dados!$C$5/16)),-MAX(0,(3*Dados!$C$33*Dados!$C$5/8-Dados!$C$33*C16),(7*Dados!$C$33*Dados!$C$5/16-Dados!$C$33*C16),(-Dados!$C$33*Dados!$C$5/16)))
A17: 9 | B17: =A17*0.5 | C17: =IF(B17<=Dados!$C$5,B17,2*Dados!$C$5-B17) | D17: =(3*Dados!$C$30*Dados!$C$5*C17/8-Dados!$C$30*C17^2/2) | E17: =(3*Dados!$C$32*Dados!$C$5*C17/8-Dados!$C$32*C17^2/2) | F17: =MAX(0,(3*Dados!$C$33*Dados!$C$5*C17/8-Dados!$C$33*C17^2/2),(7*Dados!$C$33*Dados!$C$5*C17/16-Dados!$C$33*C17^2/2),(-Dados!$C$33*Dados!$C$5*C17/16)) | G17: =MIN(0,(3*Dados!$C$33*Dados!$C$5*C17/8-Dados!$C$33*C17^2/2),(7*Dados!$C$33*Dados!$C$5*C17/16-Dados!$C$33*C17^2/2),(-Dados!$C$33*Dados!$C$5*C17/16)) | H17: =E17+Dados!$C$34*F17 | I17: =E17+Dados!$C$34*G17 | J17: =E17+F17 | K17: =E17+G17 | L17: =IF(B17<=Dados!$C$5,1,-1)*(3*Dados!$C$32*Dados!$C$5/8-Dados!$C$32*C17) | M17: =IF(B17<=Dados!$C$5,MAX(0,(3*Dados!$C$33*Dados!$C$5/8-Dados!$C$33*C17),(7*Dados!$C$33*Dados!$C$5/16-Dados!$C$33*C17),(-Dados!$C$33*Dados!$C$5/16)),-MIN(0,(3*Dados!$C$33*Dados!$C$5/8-Dados!$C$33*C17),(7*Dados!$C$33*Dados!$C$5/16-Dados!$C$33*C17),(-Dados!$C$33*Dados!$C$5/16))) | N17: =IF(B17<=Dados!$C$5,MIN(0,(3*Dados!$C$33*Dados!$C$5/8-Dados!$C$33*C17),(7*Dados!$C$33*Dados!$C$5/16-Dados!$C$33*C17),(-Dados!$C$33*Dados!$C$5/16)),-MAX(0,(3*Dados!$C$33*Dados!$C$5/8-Dados!$C$33*C17),(7*Dados!$C$33*Dados!$C$5/16-Dados!$C$33*C17),(-Dados!$C$33*Dados!$C$5/16)))
A18: 10 | B18: =A18*0.5 | C18: =IF(B18<=Dados!$C$5,B18,2*Dados!$C$5-B18) | D18: =(3*Dados!$C$30*Dados!$C$5*C18/8-Dados!$C$30*C18^2/2) | E18: =(3*Dados!$C$32*Dados!$C$5*C18/8-Dados!$C$32*C18^2/2) | F18: =MAX(0,(3*Dados!$C$33*Dados!$C$5*C18/8-Dados!$C$33*C18^2/2),(7*Dados!$C$33*Dados!$C$5*C18/16-Dados!$C$33*C18^2/2),(-Dados!$C$33*Dados!$C$5*C18/16)) | G18: =MIN(0,(3*Dados!$C$33*Dados!$C$5*C18/8-Dados!$C$33*C18^2/2),(7*Dados!$C$33*Dados!$C$5*C18/16-Dados!$C$33*C18^2/2),(-Dados!$C$33*Dados!$C$5*C18/16)) | H18: =E18+Dados!$C$34*F18 | I18: =E18+Dados!$C$34*G18 | J18: =E18+F18 | K18: =E18+G18 | L18: =IF(B18<=Dados!$C$5,1,-1)*(3*Dados!$C$32*Dados!$C$5/8-Dados!$C$32*C18) | M18: =IF(B18<=Dados!$C$5,MAX(0,(3*Dados!$C$33*Dados!$C$5/8-Dados!$C$33*C18),(7*Dados!$C$33*Dados!$C$5/16-Dados!$C$33*C18),(-Dados!$C$33*Dados!$C$5/16)),-MIN(0,(3*Dados!$C$33*Dados!$C$5/8-Dados!$C$33*C18),(7*Dados!$C$33*Dados!$C$5/16-Dados!$C$33*C18),(-Dados!$C$33*Dados!$C$5/16))) | N18: =IF(B18<=Dados!$C$5,MIN(0,(3*Dados!$C$33*Dados!$C$5/8-Dados!$C$33*C18),(7*Dados!$C$33*Dados!$C$5/16-Dados!$C$33*C18),(-Dados!$C$33*Dados!$C$5/16)),-MAX(0,(3*Dados!$C$33*Dados!$C$5/8-Dados!$C$33*C18),(7*Dados!$C$33*Dados!$C$5/16-Dados!$C$33*C18),(-Dados!$C$33*Dados!$C$5/16)))
A19: 11 | B19: =A19*0.5 | C19: =IF(B19<=Dados!$C$5,B19,2*Dados!$C$5-B19) | D19: =(3*Dados!$C$30*Dados!$C$5*C19/8-Dados!$C$30*C19^2/2) | E19: =(3*Dados!$C$32*Dados!$C$5*C19/8-Dados!$C$32*C19^2/2) | F19: =MAX(0,(3*Dados!$C$33*Dados!$C$5*C19/8-Dados!$C$33*C19^2/2),(7*Dados!$C$33*Dados!$C$5*C19/16-Dados!$C$33*C19^2/2),(-Dados!$C$33*Dados!$C$5*C19/16)) | G19: =MIN(0,(3*Dados!$C$33*Dados!$C$5*C19/8-Dados!$C$33*C19^2/2),(7*Dados!$C$33*Dados!$C$5*C19/16-Dados!$C$33*C19^2/2),(-Dados!$C$33*Dados!$C$5*C19/16)) | H19: =E19+Dados!$C$34*F19 | I19: =E19+Dados!$C$34*G19 | J19: =E19+F19 | K19: =E19+G19 | L19: =IF(B19<=Dados!$C$5,1,-1)*(3*Dados!$C$32*Dados!$C$5/8-Dados!$C$32*C19) | M19: =IF(B19<=Dados!$C$5,MAX(0,(3*Dados!$C$33*Dados!$C$5/8-Dados!$C$33*C19),(7*Dados!$C$33*Dados!$C$5/16-Dados!$C$33*C19),(-Dados!$C$33*Dados!$C$5/16)),-MIN(0,(3*Dados!$C$33*Dados!$C$5/8-Dados!$C$33*C19),(7*Dados!$C$33*Dados!$C$5/16-Dados!$C$33*C19),(-Dados!$C$33*Dados!$C$5/16))) | N19: =IF(B19<=Dados!$C$5,MIN(0,(3*Dados!$C$33*Dados!$C$5/8-Dados!$C$33*C19),(7*Dados!$C$33*Dados!$C$5/16-Dados!$C$33*C19),(-Dados!$C$33*Dados!$C$5/16)),-MAX(0,(3*Dados!$C$33*Dados!$C$5/8-Dados!$C$33*C19),(7*Dados!$C$33*Dados!$C$5/16-Dados!$C$33*C19),(-Dados!$C$33*Dados!$C$5/16)))
... A48: 40 | B48: =A48*0.5 | C48: =IF(B48<=Dados!$C$5,B48,2*Dados!$C$5-B48) | D48: =(3*Dados!$C$30*Dados!$C$5*C48/8-Dados!$C$30*C48^2/2) | E48: =(3*Dados!$C$32*Dados!$C$5*C48/8-Dados!$C$32*C48^2/2) | F48: =MAX(0,(3*Dados!$C$33*Dados!$C$5*C48/8-Dados!$C$33*C48^2/2),(7*Dados!$C$33*Dados!$C$5*C48/16-Dados!$C$33*C48^2/2),(-Dados!$C$33*Dados!$C$5*C48/16)) | G48: =MIN(0,(3*Dados!$C$33*Dados!$C$5*C48/8-Dados!$C$33*C48^2/2),(7*Dados!$C$33*Dados!$C$5*C48/16-Dados!$C$33*C48^2/2),(-Dados!$C$33*Dados!$C$5*C48/16)) | H48: =E48+Dados!$C$34*F48 | I48: =E48+Dados!$C$34*G48 | J48: =E48+F48 | K48: =E48+G48 | L48: =IF(B48<=Dados!$C$5,1,-1)*(3*Dados!$C$32*Dados!$C$5/8-Dados!$C$32*C48) | M48: =IF(B48<=Dados!$C$5,MAX(0,(3*Dados!$C$33*Dados!$C$5/8-Dados!$C$33*C48),(7*Dados!$C$33*Dados!$C$5/16-Dados!$C$33*C48),(-Dados!$C$33*Dados!$C$5/16)),-MIN(0,(3*Dados!$C$33*Dados!$C$5/8-Dados!$C$33*C48),(7*Dados!$C$33*Dados!$C$5/16-Dados!$C$33*C48),(-Dados!$C$33*Dados!$C$5/16))) | N48: =IF(B48<=Dados!$C$5,MIN(0,(3*Dados!$C$33*Dados!$C$5/8-Dados!$C$33*C48),(7*Dados!$C$33*Dados!$C$5/16-Dados!$C$33*C48),(-Dados!$C$33*Dados!$C$5/16)),-MAX(0,(3*Dados!$C$33*Dados!$C$5/8-Dados!$C$33*C48),(7*Dados!$C$33*Dados!$C$5/16-Dados!$C$33*C48),(-Dados!$C$33*Dados!$C$5/16)))

Sheet Tracado_Perdas
A1: Traçado do cabo resultante e perdas de protensão (mecanismos físicos)
A2: Cabo resultante parabólico composto (vão + parábola reversa no apoio). Protensão simultânea pelas duas extremidades; atrito (NBR 6118 9.6.3.3.2), cravação, encurtamento elástico e perdas progressivas (NBR 6118 9.6.3.4.2).
A6: i | B6: x | C6: s | D6: e(x) (+ abaixo do CG) | E6: de/dx | F6: α | G6: cos α | H6: sen α | I6: Δα | J6: Σα | K6: Δs (arco) | L6: Σs | M6: σp atrito (da extremidade esq.) | N6: ∫σ dx | O6: Δ(x) = 2[∫σ - σ·x]/Ep | P6: σp após cravação | Q6: Δσ enc. elástico | R6: σp,i (ato) | S6: Pi (ato) | T6: σcp0 (concreto no cabo) | U6: σp,i/fptk | V6: ψ1000 | W6: ψ(t∞)=2,5ψ1000 | X6: χ = -ln(1-ψ) | Y6: η = 1+e²Ac/Ic | Z6: Δσp progressivas | AA6: σp,∞ | AB6: P∞ | AC6: Pi/Pj | AD6: P∞/Pi
B7: m | C7: m | D7: m | F7: rad | I7: rad | J7: rad | K7: m | L7: m | M7: MPa | N7: MPa·m | O7: m | P7: MPa | Q7: MPa | R7: MPa | S7: kN | T7: MPa | Z7: MPa | AA7: MPa | AB7: kN
A8: 0 | B8: =A8*0.5 | C8: =IF(B8<=Dados!$C$5,B8,2*Dados!$C$5-B8) | D8: =IF(C8<=Dados!$C$47,Dados!$C$44-Dados!$C$53*(C8-Dados!$C$52)^2,-Dados!$C$45+Dados!$C$54*(Dados!$C$5-C8)^2) | E8: =IF(B8<=Dados!$C$5,1,-1)*IF(C8<=Dados!$C$47,-2*Dados!$C$53*(C8-Dados!$C$52),-2*Dados!$C$54*(Dados!$C$5-C8)) | F8: =ATAN(E8) | G8: =COS(F8) | H8: =SIN(F8) | I8: 0 | J8: =I8 | K8: 0 | L8: =K8 | M8: =Dados!$C$67*EXP(-Dados!$C$70*J8-Dados!$C$71*L8) | N8: 0 | O8: =2*(N8-M8*B8)/Dados!$C$65 | P8: =IF(B8<=Dados!$C$81,2*Dados!$C$82-M8,M8) | Q8: =MAX(Dados!$C$77*(Dados!$C$59*(1/Dados!$C$8+D8^2/Dados!$C$9)*P8-Esforcos!D8*D8/Dados!$C$9/1000)/(1+Dados!$C$77*Dados!$C$59*(1/Dados!$C$8+D8^2/Dados!$C$9)),0) | R8: =P8-Q8 | S8: =Dados!$C$59*R8*1000 | T8: =(-S8/Dados!$C$8-S8*D8^2/Dados!$C$9+Esforcos!D8*D8/Dados!$C$9)/1000 | U8: =R8/Dados!$C$60 | V8: =IF(U8<=0.5,0,IF(U8<=0.6,(U8-0.5)/0.1*1.3,IF(U8<=0.7,1.3+(U8-0.6)/0.1*1.2,IF(U8<=0.8,2.5+(U8-0.7)/0.1*1,3.5))))/100 | W8: =2.5*V8 | X8: =-LN(1-W8) | Y8: =1+D8^2*Dados!$C$8/Dados!$C$9 | Z8: =(ABS(Dados!$C$74)*Dados!$C$65+Dados!$C$76*ABS(T8)*Dados!$C$73+R8*X8)/((1+X8)+(1+0.5*Dados!$C$73)*Dados!$C$76*Y8*Dados!$C$78) | AA8: =R8-Z8 | AB8: =Dados!$C$59*AA8*1000 | AC8: =S8/Dados!$C$68 | AD8: =AB8/S8
A9: 1 | B9: =A9*0.5 | C9: =IF(B9<=Dados!$C$5,B9,2*Dados!$C$5-B9) | D9: =IF(C9<=Dados!$C$47,Dados!$C$44-Dados!$C$53*(C9-Dados!$C$52)^2,-Dados!$C$45+Dados!$C$54*(Dados!$C$5-C9)^2) | E9: =IF(B9<=Dados!$C$5,1,-1)*IF(C9<=Dados!$C$47,-2*Dados!$C$53*(C9-Dados!$C$52),-2*Dados!$C$54*(Dados!$C$5-C9)) | F9: =ATAN(E9) | G9: =COS(F9) | H9: =SIN(F9) | I9: =ABS(F9-F8) | J9: =J8+I9 | K9: =SQRT((B9-B8)^2+(D9-D8)^2) | L9: =L8+K9 | M9: =Dados!$C$67*EXP(-Dados!$C$70*J9-Dados!$C$71*L9) | N9: =N8+0.5*(M9+M8)*(B9-B8) | O9: =2*(N9-M9*B9)/Dados!$C$65 | P9: =IF(B9<=Dados!$C$81,2*Dados!$C$82-M9,M9) | Q9: =MAX(Dados!$C$77*(Dados!$C$59*(1/Dados!$C$8+D9^2/Dados!$C$9)*P9-Esforcos!D9*D9/Dados!$C$9/1000)/(1+Dados!$C$77*Dados!$C$59*(1/Dados!$C$8+D9^2/Dados!$C$9)),0) | R9: =P9-Q9 | S9: =Dados!$C$59*R9*1000 | T9: =(-S9/Dados!$C$8-S9*D9^2/Dados!$C$9+Esforcos!D9*D9/Dados!$C$9)/1000 | U9: =R9/Dados!$C$60 | V9: =IF(U9<=0.5,0,IF(U9<=0.6,(U9-0.5)/0.1*1.3,IF(U9<=0.7,1.3+(U9-0.6)/0.1*1.2,IF(U9<=0.8,2.5+(U9-0.7)/0.1*1,3.5))))/100 | W9: =2.5*V9 | X9: =-LN(1-W9) | Y9: =1+D9^2*Dados!$C$8/Dados!$C$9 | Z9: =(ABS(Dados!$C$74)*Dados!$C$65+Dados!$C$76*ABS(T9)*Dados!$C$73+R9*X9)/((1+X9)+(1+0.5*Dados!$C$73)*Dados!$C$76*Y9*Dados!$C$78) | AA9: =R9-Z9 | AB9: =Dados!$C$59*AA9*1000 | AC9: =S9/Dados!$C$68 | AD9: =AB9/S9
A10: 2 | B10: =A10*0.5 | C10: =IF(B10<=Dados!$C$5,B10,2*Dados!$C$5-B10) | D10: =IF(C10<=Dados!$C$47,Dados!$C$44-Dados!$C$53*(C10-Dados!$C$52)^2,-Dados!$C$45+Dados!$C$54*(Dados!$C$5-C10)^2) | E10: =IF(B10<=Dados!$C$5,1,-1)*IF(C10<=Dados!$C$47,-2*Dados!$C$53*(C10-Dados!$C$52),-2*Dados!$C$54*(Dados!$C$5-C10)) | F10: =ATAN(E10) | G10: =COS(F10) | H10: =SIN(F10) | I10: =ABS(F10-F9) | J10: =J9+I10 | K10: =SQRT((B10-B9)^2+(D10-D9)^2) | L10: =L9+K10 | M10: =Dados!$C$67*EXP(-Dados!$C$70*J10-Dados!$C$71*L10) | N10: =N9+0.5*(M10+M9)*(B10-B9) | O10: =2*(N10-M10*B10)/Dados!$C$65 | P10: =IF(B10<=Dados!$C$81,2*Dados!$C$82-M10,M10) | Q10: =MAX(Dados!$C$77*(Dados!$C$59*(1/Dados!$C$8+D10^2/Dados!$C$9)*P10-Esforcos!D10*D10/Dados!$C$9/1000)/(1+Dados!$C$77*Dados!$C$59*(1/Dados!$C$8+D10^2/Dados!$C$9)),0) | R10: =P10-Q10 | S10: =Dados!$C$59*R10*1000 | T10: =(-S10/Dados!$C$8-S10*D10^2/Dados!$C$9+Esforcos!D10*D10/Dados!$C$9)/1000 | U10: =R10/Dados!$C$60 | V10: =IF(U10<=0.5,0,IF(U10<=0.6,(U10-0.5)/0.1*1.3,IF(U10<=0.7,1.3+(U10-0.6)/0.1*1.2,IF(U10<=0.8,2.5+(U10-0.7)/0.1*1,3.5))))/100 | W10: =2.5*V10 | X10: =-LN(1-W10) | Y10: =1+D10^2*Dados!$C$8/Dados!$C$9 | Z10: =(ABS(Dados!$C$74)*Dados!$C$65+Dados!$C$76*ABS(T10)*Dados!$C$73+R10*X10)/((1+X10)+(1+0.5*Dados!$C$73)*Dados!$C$76*Y10*Dados!$C$78) | AA10: =R10-Z10 | AB10: =Dados!$C$59*AA10*1000 | AC10: =S10/Dados!$C$68 | AD10: =AB10/S10
A11: 3 | B11: =A11*0.5 | C11: =IF(B11<=Dados!$C$5,B11,2*Dados!$C$5-B11) | D11: =IF(C11<=Dados!$C$47,Dados!$C$44-Dados!$C$53*(C11-Dados!$C$52)^2,-Dados!$C$45+Dados!$C$54*(Dados!$C$5-C11)^2) | E11: =IF(B11<=Dados!$C$5,1,-1)*IF(C11<=Dados!$C$47,-2*Dados!$C$53*(C11-Dados!$C$52),-2*Dados!$C$54*(Dados!$C$5-C11)) | F11: =ATAN(E11) | G11: =COS(F11) | H11: =SIN(F11) | I11: =ABS(F11-F10) | J11: =J10+I11 | K11: =SQRT((B11-B10)^2+(D11-D10)^2) | L11: =L10+K11 | M11: =Dados!$C$67*EXP(-Dados!$C$70*J11-Dados!$C$71*L11) | N11: =N10+0.5*(M11+M10)*(B11-B10) | O11: =2*(N11-M11*B11)/Dados!$C$65 | P11: =IF(B11<=Dados!$C$81,2*Dados!$C$82-M11,M11) | Q11: =MAX(Dados!$C$77*(Dados!$C$59*(1/Dados!$C$8+D11^2/Dados!$C$9)*P11-Esforcos!D11*D11/Dados!$C$9/1000)/(1+Dados!$C$77*Dados!$C$59*(1/Dados!$C$8+D11^2/Dados!$C$9)),0) | R11: =P11-Q11 | S11: =Dados!$C$59*R11*1000 | T11: =(-S11/Dados!$C$8-S11*D11^2/Dados!$C$9+Esforcos!D11*D11/Dados!$C$9)/1000 | U11: =R11/Dados!$C$60 | V11: =IF(U11<=0.5,0,IF(U11<=0.6,(U11-0.5)/0.1*1.3,IF(U11<=0.7,1.3+(U11-0.6)/0.1*1.2,IF(U11<=0.8,2.5+(U11-0.7)/0.1*1,3.5))))/100 | W11: =2.5*V11 | X11: =-LN(1-W11) | Y11: =1+D11^2*Dados!$C$8/Dados!$C$9 | Z11: =(ABS(Dados!$C$74)*Dados!$C$65+Dados!$C$76*ABS(T11)*Dados!$C$73+R11*X11)/((1+X11)+(1+0.5*Dados!$C$73)*Dados!$C$76*Y11*Dados!$C$78) | AA11: =R11-Z11 | AB11: =Dados!$C$59*AA11*1000 | AC11: =S11/Dados!$C$68 | AD11: =AB11/S11
A12: 4 | B12: =A12*0.5 | C12: =IF(B12<=Dados!$C$5,B12,2*Dados!$C$5-B12) | D12: =IF(C12<=Dados!$C$47,Dados!$C$44-Dados!$C$53*(C12-Dados!$C$52)^2,-Dados!$C$45+Dados!$C$54*(Dados!$C$5-C12)^2) | E12: =IF(B12<=Dados!$C$5,1,-1)*IF(C12<=Dados!$C$47,-2*Dados!$C$53*(C12-Dados!$C$52),-2*Dados!$C$54*(Dados!$C$5-C12)) | F12: =ATAN(E12) | G12: =COS(F12) | H12: =SIN(F12) | I12: =ABS(F12-F11) | J12: =J11+I12 | K12: =SQRT((B12-B11)^2+(D12-D11)^2) | L12: =L11+K12 | M12: =Dados!$C$67*EXP(-Dados!$C$70*J12-Dados!$C$71*L12) | N12: =N11+0.5*(M12+M11)*(B12-B11) | O12: =2*(N12-M12*B12)/Dados!$C$65 | P12: =IF(B12<=Dados!$C$81,2*Dados!$C$82-M12,M12) | Q12: =MAX(Dados!$C$77*(Dados!$C$59*(1/Dados!$C$8+D12^2/Dados!$C$9)*P12-Esforcos!D12*D12/Dados!$C$9/1000)/(1+Dados!$C$77*Dados!$C$59*(1/Dados!$C$8+D12^2/Dados!$C$9)),0) | R12: =P12-Q12 | S12: =Dados!$C$59*R12*1000 | T12: =(-S12/Dados!$C$8-S12*D12^2/Dados!$C$9+Esforcos!D12*D12/Dados!$C$9)/1000 | U12: =R12/Dados!$C$60 | V12: =IF(U12<=0.5,0,IF(U12<=0.6,(U12-0.5)/0.1*1.3,IF(U12<=0.7,1.3+(U12-0.6)/0.1*1.2,IF(U12<=0.8,2.5+(U12-0.7)/0.1*1,3.5))))/100 | W12: =2.5*V12 | X12: =-LN(1-W12) | Y12: =1+D12^2*Dados!$C$8/Dados!$C$9 | Z12: =(ABS(Dados!$C$74)*Dados!$C$65+Dados!$C$76*ABS(T12)*Dados!$C$73+R12*X12)/((1+X12)+(1+0.5*Dados!$C$73)*Dados!$C$76*Y12*Dados!$C$78) | AA12: =R12-Z12 | AB12: =Dados!$C$59*AA12*1000 | AC12: =S12/Dados!$C$68 | AD12: =AB12/S12
A13: 5 | B13: =A13*0.5 | C13: =IF(B13<=Dados!$C$5,B13,2*Dados!$C$5-B13) | D13: =IF(C13<=Dados!$C$47,Dados!$C$44-Dados!$C$53*(C13-Dados!$C$52)^2,-Dados!$C$45+Dados!$C$54*(Dados!$C$5-C13)^2) | E13: =IF(B13<=Dados!$C$5,1,-1)*IF(C13<=Dados!$C$47,-2*Dados!$C$53*(C13-Dados!$C$52),-2*Dados!$C$54*(Dados!$C$5-C13)) | F13: =ATAN(E13) | G13: =COS(F13) | H13: =SIN(F13) | I13: =ABS(F13-F12) | J13: =J12+I13 | K13: =SQRT((B13-B12)^2+(D13-D12)^2) | L13: =L12+K13 | M13: =Dados!$C$67*EXP(-Dados!$C$70*J13-Dados!$C$71*L13) | N13: =N12+0.5*(M13+M12)*(B13-B12) | O13: =2*(N13-M13*B13)/Dados!$C$65 | P13: =IF(B13<=Dados!$C$81,2*Dados!$C$82-M13,M13) | Q13: =MAX(Dados!$C$77*(Dados!$C$59*(1/Dados!$C$8+D13^2/Dados!$C$9)*P13-Esforcos!D13*D13/Dados!$C$9/1000)/(1+Dados!$C$77*Dados!$C$59*(1/Dados!$C$8+D13^2/Dados!$C$9)),0) | R13: =P13-Q13 | S13: =Dados!$C$59*R13*1000 | T13: =(-S13/Dados!$C$8-S13*D13^2/Dados!$C$9+Esforcos!D13*D13/Dados!$C$9)/1000 | U13: =R13/Dados!$C$60 | V13: =IF(U13<=0.5,0,IF(U13<=0.6,(U13-0.5)/0.1*1.3,IF(U13<=0.7,1.3+(U13-0.6)/0.1*1.2,IF(U13<=0.8,2.5+(U13-0.7)/0.1*1,3.5))))/100 | W13: =2.5*V13 | X13: =-LN(1-W13) | Y13: =1+D13^2*Dados!$C$8/Dados!$C$9 | Z13: =(ABS(Dados!$C$74)*Dados!$C$65+Dados!$C$76*ABS(T13)*Dados!$C$73+R13*X13)/((1+X13)+(1+0.5*Dados!$C$73)*Dados!$C$76*Y13*Dados!$C$78) | AA13: =R13-Z13 | AB13: =Dados!$C$59*AA13*1000 | AC13: =S13/Dados!$C$68 | AD13: =AB13/S13
A14: 6 | B14: =A14*0.5 | C14: =IF(B14<=Dados!$C$5,B14,2*Dados!$C$5-B14) | D14: =IF(C14<=Dados!$C$47,Dados!$C$44-Dados!$C$53*(C14-Dados!$C$52)^2,-Dados!$C$45+Dados!$C$54*(Dados!$C$5-C14)^2) | E14: =IF(B14<=Dados!$C$5,1,-1)*IF(C14<=Dados!$C$47,-2*Dados!$C$53*(C14-Dados!$C$52),-2*Dados!$C$54*(Dados!$C$5-C14)) | F14: =ATAN(E14) | G14: =COS(F14) | H14: =SIN(F14) | I14: =ABS(F14-F13) | J14: =J13+I14 | K14: =SQRT((B14-B13)^2+(D14-D13)^2) | L14: =L13+K14 | M14: =Dados!$C$67*EXP(-Dados!$C$70*J14-Dados!$C$71*L14) | N14: =N13+0.5*(M14+M13)*(B14-B13) | O14: =2*(N14-M14*B14)/Dados!$C$65 | P14: =IF(B14<=Dados!$C$81,2*Dados!$C$82-M14,M14) | Q14: =MAX(Dados!$C$77*(Dados!$C$59*(1/Dados!$C$8+D14^2/Dados!$C$9)*P14-Esforcos!D14*D14/Dados!$C$9/1000)/(1+Dados!$C$77*Dados!$C$59*(1/Dados!$C$8+D14^2/Dados!$C$9)),0) | R14: =P14-Q14 | S14: =Dados!$C$59*R14*1000 | T14: =(-S14/Dados!$C$8-S14*D14^2/Dados!$C$9+Esforcos!D14*D14/Dados!$C$9)/1000 | U14: =R14/Dados!$C$60 | V14: =IF(U14<=0.5,0,IF(U14<=0.6,(U14-0.5)/0.1*1.3,IF(U14<=0.7,1.3+(U14-0.6)/0.1*1.2,IF(U14<=0.8,2.5+(U14-0.7)/0.1*1,3.5))))/100 | W14: =2.5*V14 | X14: =-LN(1-W14) | Y14: =1+D14^2*Dados!$C$8/Dados!$C$9 | Z14: =(ABS(Dados!$C$74)*Dados!$C$65+Dados!$C$76*ABS(T14)*Dados!$C$73+R14*X14)/((1+X14)+(1+0.5*Dados!$C$73)*Dados!$C$76*Y14*Dados!$C$78) | AA14: =R14-Z14 | AB14: =Dados!$C$59*AA14*1000 | AC14: =S14/Dados!$C$68 | AD14: =AB14/S14
A15: 7 | B15: =A15*0.5 | C15: =IF(B15<=Dados!$C$5,B15,2*Dados!$C$5-B15) | D15: =IF(C15<=Dados!$C$47,Dados!$C$44-Dados!$C$53*(C15-Dados!$C$52)^2,-Dados!$C$45+Dados!$C$54*(Dados!$C$5-C15)^2) | E15: =IF(B15<=Dados!$C$5,1,-1)*IF(C15<=Dados!$C$47,-2*Dados!$C$53*(C15-Dados!$C$52),-2*Dados!$C$54*(Dados!$C$5-C15)) | F15: =ATAN(E15) | G15: =COS(F15) | H15: =SIN(F15) | I15: =ABS(F15-F14) | J15: =J14+I15 | K15: =SQRT((B15-B14)^2+(D15-D14)^2) | L15: =L14+K15 | M15: =Dados!$C$67*EXP(-Dados!$C$70*J15-Dados!$C$71*L15) | N15: =N14+0.5*(M15+M14)*(B15-B14) | O15: =2*(N15-M15*B15)/Dados!$C$65 | P15: =IF(B15<=Dados!$C$81,2*Dados!$C$82-M15,M15) | Q15: =MAX(Dados!$C$77*(Dados!$C$59*(1/Dados!$C$8+D15^2/Dados!$C$9)*P15-Esforcos!D15*D15/Dados!$C$9/1000)/(1+Dados!$C$77*Dados!$C$59*(1/Dados!$C$8+D15^2/Dados!$C$9)),0) | R15: =P15-Q15 | S15: =Dados!$C$59*R15*1000 | T15: =(-S15/Dados!$C$8-S15*D15^2/Dados!$C$9+Esforcos!D15*D15/Dados!$C$9)/1000 | U15: =R15/Dados!$C$60 | V15: =IF(U15<=0.5,0,IF(U15<=0.6,(U15-0.5)/0.1*1.3,IF(U15<=0.7,1.3+(U15-0.6)/0.1*1.2,IF(U15<=0.8,2.5+(U15-0.7)/0.1*1,3.5))))/100 | W15: =2.5*V15 | X15: =-LN(1-W15) | Y15: =1+D15^2*Dados!$C$8/Dados!$C$9 | Z15: =(ABS(Dados!$C$74)*Dados!$C$65+Dados!$C$76*ABS(T15)*Dados!$C$73+R15*X15)/((1+X15)+(1+0.5*Dados!$C$73)*Dados!$C$76*Y15*Dados!$C$78) | AA15: =R15-Z15 | AB15: =Dados!$C$59*AA15*1000 | AC15: =S15/Dados!$C$68 | AD15: =AB15/S15
A16: 8 | B16: =A16*0.5 | C16: =IF(B16<=Dados!$C$5,B16,2*Dados!$C$5-B16) | D16: =IF(C16<=Dados!$C$47,Dados!$C$44-Dados!$C$53*(C16-Dados!$C$52)^2,-Dados!$C$45+Dados!$C$54*(Dados!$C$5-C16)^2) | E16: =IF(B16<=Dados!$C$5,1,-1)*IF(C16<=Dados!$C$47,-2*Dados!$C$53*(C16-Dados!$C$52),-2*Dados!$C$54*(Dados!$C$5-C16)) | F16: =ATAN(E16) | G16: =COS(F16) | H16: =SIN(F16) | I16: =ABS(F16-F15) | J16: =J15+I16 | K16: =SQRT((B16-B15)^2+(D16-D15)^2) | L16: =L15+K16 | M16: =Dados!$C$67*EXP(-Dados!$C$70*J16-Dados!$C$71*L16) | N16: =N15+0.5*(M16+M15)*(B16-B15) | O16: =2*(N16-M16*B16)/Dados!$C$65 | P16: =IF(B16<=Dados!$C$81,2*Dados!$C$82-M16,M16) | Q16: =MAX(Dados!$C$77*(Dados!$C$59*(1/Dados!$C$8+D16^2/Dados!$C$9)*P16-Esforcos!D16*D16/Dados!$C$9/1000)/(1+Dados!$C$77*Dados!$C$59*(1/Dados!$C$8+D16^2/Dados!$C$9)),0) | R16: =P16-Q16 | S16: =Dados!$C$59*R16*1000 | T16: =(-S16/Dados!$C$8-S16*D16^2/Dados!$C$9+Esforcos!D16*D16/Dados!$C$9)/1000 | U16: =R16/Dados!$C$60 | V16: =IF(U16<=0.5,0,IF(U16<=0.6,(U16-0.5)/0.1*1.3,IF(U16<=0.7,1.3+(U16-0.6)/0.1*1.2,IF(U16<=0.8,2.5+(U16-0.7)/0.1*1,3.5))))/100 | W16: =2.5*V16 | X16: =-LN(1-W16) | Y16: =1+D16^2*Dados!$C$8/Dados!$C$9 | Z16: =(ABS(Dados!$C$74)*Dados!$C$65+Dados!$C$76*ABS(T16)*Dados!$C$73+R16*X16)/((1+X16)+(1+0.5*Dados!$C$73)*Dados!$C$76*Y16*Dados!$C$78) | AA16: =R16-Z16 | AB16: =Dados!$C$59*AA16*1000 | AC16: =S16/Dados!$C$68 | AD16: =AB16/S16
A17: 9 | B17: =A17*0.5 | C17: =IF(B17<=Dados!$C$5,B17,2*Dados!$C$5-B17) | D17: =IF(C17<=Dados!$C$47,Dados!$C$44-Dados!$C$53*(C17-Dados!$C$52)^2,-Dados!$C$45+Dados!$C$54*(Dados!$C$5-C17)^2) | E17: =IF(B17<=Dados!$C$5,1,-1)*IF(C17<=Dados!$C$47,-2*Dados!$C$53*(C17-Dados!$C$52),-2*Dados!$C$54*(Dados!$C$5-C17)) | F17: =ATAN(E17) | G17: =COS(F17) | H17: =SIN(F17) | I17: =ABS(F17-F16) | J17: =J16+I17 | K17: =SQRT((B17-B16)^2+(D17-D16)^2) | L17: =L16+K17 | M17: =Dados!$C$67*EXP(-Dados!$C$70*J17-Dados!$C$71*L17) | N17: =N16+0.5*(M17+M16)*(B17-B16) | O17: =2*(N17-M17*B17)/Dados!$C$65 | P17: =IF(B17<=Dados!$C$81,2*Dados!$C$82-M17,M17) | Q17: =MAX(Dados!$C$77*(Dados!$C$59*(1/Dados!$C$8+D17^2/Dados!$C$9)*P17-Esforcos!D17*D17/Dados!$C$9/1000)/(1+Dados!$C$77*Dados!$C$59*(1/Dados!$C$8+D17^2/Dados!$C$9)),0) | R17: =P17-Q17 | S17: =Dados!$C$59*R17*1000 | T17: =(-S17/Dados!$C$8-S17*D17^2/Dados!$C$9+Esforcos!D17*D17/Dados!$C$9)/1000 | U17: =R17/Dados!$C$60 | V17: =IF(U17<=0.5,0,IF(U17<=0.6,(U17-0.5)/0.1*1.3,IF(U17<=0.7,1.3+(U17-0.6)/0.1*1.2,IF(U17<=0.8,2.5+(U17-0.7)/0.1*1,3.5))))/100 | W17: =2.5*V17 | X17: =-LN(1-W17) | Y17: =1+D17^2*Dados!$C$8/Dados!$C$9 | Z17: =(ABS(Dados!$C$74)*Dados!$C$65+Dados!$C$76*ABS(T17)*Dados!$C$73+R17*X17)/((1+X17)+(1+0.5*Dados!$C$73)*Dados!$C$76*Y17*Dados!$C$78) | AA17: =R17-Z17 | AB17: =Dados!$C$59*AA17*1000 | AC17: =S17/Dados!$C$68 | AD17: =AB17/S17
A18: 10 | B18: =A18*0.5 | C18: =IF(B18<=Dados!$C$5,B18,2*Dados!$C$5-B18) | D18: =IF(C18<=Dados!$C$47,Dados!$C$44-Dados!$C$53*(C18-Dados!$C$52)^2,-Dados!$C$45+Dados!$C$54*(Dados!$C$5-C18)^2) | E18: =IF(B18<=Dados!$C$5,1,-1)*IF(C18<=Dados!$C$47,-2*Dados!$C$53*(C18-Dados!$C$52),-2*Dados!$C$54*(Dados!$C$5-C18)) | F18: =ATAN(E18) | G18: =COS(F18) | H18: =SIN(F18) | I18: =ABS(F18-F17) | J18: =J17+I18 | K18: =SQRT((B18-B17)^2+(D18-D17)^2) | L18: =L17+K18 | M18: =Dados!$C$67*EXP(-Dados!$C$70*J18-Dados!$C$71*L18) | N18: =N17+0.5*(M18+M17)*(B18-B17) | O18: =2*(N18-M18*B18)/Dados!$C$65 | P18: =IF(B18<=Dados!$C$81,2*Dados!$C$82-M18,M18) | Q18: =MAX(Dados!$C$77*(Dados!$C$59*(1/Dados!$C$8+D18^2/Dados!$C$9)*P18-Esforcos!D18*D18/Dados!$C$9/1000)/(1+Dados!$C$77*Dados!$C$59*(1/Dados!$C$8+D18^2/Dados!$C$9)),0) | R18: =P18-Q18 | S18: =Dados!$C$59*R18*1000 | T18: =(-S18/Dados!$C$8-S18*D18^2/Dados!$C$9+Esforcos!D18*D18/Dados!$C$9)/1000 | U18: =R18/Dados!$C$60 | V18: =IF(U18<=0.5,0,IF(U18<=0.6,(U18-0.5)/0.1*1.3,IF(U18<=0.7,1.3+(U18-0.6)/0.1*1.2,IF(U18<=0.8,2.5+(U18-0.7)/0.1*1,3.5))))/100 | W18: =2.5*V18 | X18: =-LN(1-W18) | Y18: =1+D18^2*Dados!$C$8/Dados!$C$9 | Z18: =(ABS(Dados!$C$74)*Dados!$C$65+Dados!$C$76*ABS(T18)*Dados!$C$73+R18*X18)/((1+X18)+(1+0.5*Dados!$C$73)*Dados!$C$76*Y18*Dados!$C$78) | AA18: =R18-Z18 | AB18: =Dados!$C$59*AA18*1000 | AC18: =S18/Dados!$C$68 | AD18: =AB18/S18
A19: 11 | B19: =A19*0.5 | C19: =IF(B19<=Dados!$C$5,B19,2*Dados!$C$5-B19) | D19: =IF(C19<=Dados!$C$47,Dados!$C$44-Dados!$C$53*(C19-Dados!$C$52)^2,-Dados!$C$45+Dados!$C$54*(Dados!$C$5-C19)^2) | E19: =IF(B19<=Dados!$C$5,1,-1)*IF(C19<=Dados!$C$47,-2*Dados!$C$53*(C19-Dados!$C$52),-2*Dados!$C$54*(Dados!$C$5-C19)) | F19: =ATAN(E19) | G19: =COS(F19) | H19: =SIN(F19) | I19: =ABS(F19-F18) | J19: =J18+I19 | K19: =SQRT((B19-B18)^2+(D19-D18)^2) | L19: =L18+K19 | M19: =Dados!$C$67*EXP(-Dados!$C$70*J19-Dados!$C$71*L19) | N19: =N18+0.5*(M19+M18)*(B19-B18) | O19: =2*(N19-M19*B19)/Dados!$C$65 | P19: =IF(B19<=Dados!$C$81,2*Dados!$C$82-M19,M19) | Q19: =MAX(Dados!$C$77*(Dados!$C$59*(1/Dados!$C$8+D19^2/Dados!$C$9)*P19-Esforcos!D19*D19/Dados!$C$9/1000)/(1+Dados!$C$77*Dados!$C$59*(1/Dados!$C$8+D19^2/Dados!$C$9)),0) | R19: =P19-Q19 | S19: =Dados!$C$59*R19*1000 | T19: =(-S19/Dados!$C$8-S19*D19^2/Dados!$C$9+Esforcos!D19*D19/Dados!$C$9)/1000 | U19: =R19/Dados!$C$60 | V19: =IF(U19<=0.5,0,IF(U19<=0.6,(U19-0.5)/0.1*1.3,IF(U19<=0.7,1.3+(U19-0.6)/0.1*1.2,IF(U19<=0.8,2.5+(U19-0.7)/0.1*1,3.5))))/100 | W19: =2.5*V19 | X19: =-LN(1-W19) | Y19: =1+D19^2*Dados!$C$8/Dados!$C$9 | Z19: =(ABS(Dados!$C$74)*Dados!$C$65+Dados!$C$76*ABS(T19)*Dados!$C$73+R19*X19)/((1+X19)+(1+0.5*Dados!$C$73)*Dados!$C$76*Y19*Dados!$C$78) | AA19: =R19-Z19 | AB19: =Dados!$C$59*AA19*1000 | AC19: =S19/Dados!$C$68 | AD19: =AB19/S19
A20: 12 | B20: =A20*0.5 | C20: =IF(B20<=Dados!$C$5,B20,2*Dados!$C$5-B20) | D20: =IF(C20<=Dados!$C$47,Dados!$C$44-Dados!$C$53*(C20-Dados!$C$52)^2,-Dados!$C$45+Dados!$C$54*(Dados!$C$5-C20)^2) | E20: =IF(B20<=Dados!$C$5,1,-1)*IF(C20<=Dados!$C$47,-2*Dados!$C$53*(C20-Dados!$C$52),-2*Dados!$C$54*(Dados!$C$5-C20)) | F20: =ATAN(E20) | G20: =COS(F20) | H20: =SIN(F20) | I20: =ABS(F20-F19) | J20: =J19+I20 | K20: =SQRT((B20-B19)^2+(D20-D19)^2) | L20: =L19+K20 | M20: =Dados!$C$67*EXP(-Dados!$C$70*J20-Dados!$C$71*L20) | N20: =N19+0.5*(M20+M19)*(B20-B19) | O20: =2*(N20-M20*B20)/Dados!$C$65 | P20: =IF(B20<=Dados!$C$81,2*Dados!$C$82-M20,M20) | Q20: =MAX(Dados!$C$77*(Dados!$C$59*(1/Dados!$C$8+D20^2/Dados!$C$9)*P20-Esforcos!D20*D20/Dados!$C$9/1000)/(1+Dados!$C$77*Dados!$C$59*(1/Dados!$C$8+D20^2/Dados!$C$9)),0) | R20: =P20-Q20 | S20: =Dados!$C$59*R20*1000 | T20: =(-S20/Dados!$C$8-S20*D20^2/Dados!$C$9+Esforcos!D20*D20/Dados!$C$9)/1000 | U20: =R20/Dados!$C$60 | V20: =IF(U20<=0.5,0,IF(U20<=0.6,(U20-0.5)/0.1*1.3,IF(U20<=0.7,1.3+(U20-0.6)/0.1*1.2,IF(U20<=0.8,2.5+(U20-0.7)/0.1*1,3.5))))/100 | W20: =2.5*V20 | X20: =-LN(1-W20) | Y20: =1+D20^2*Dados!$C$8/Dados!$C$9 | Z20: =(ABS(Dados!$C$74)*Dados!$C$65+Dados!$C$76*ABS(T20)*Dados!$C$73+R20*X20)/((1+X20)+(1+0.5*Dados!$C$73)*Dados!$C$76*Y20*Dados!$C$78) | AA20: =R20-Z20 | AB20: =Dados!$C$59*AA20*1000 | AC20: =S20/Dados!$C$68 | AD20: =AB20/S20
... A28: 20 | B28: =A28*0.5 | C28: =IF(B28<=Dados!$C$5,B28,2*Dados!$C$5-B28) | D28: =IF(C28<=Dados!$C$47,Dados!$C$44-Dados!$C$53*(C28-Dados!$C$52)^2,-Dados!$C$45+Dados!$C$54*(Dados!$C$5-C28)^2) | E28: =IF(B28<=Dados!$C$5,1,-1)*IF(C28<=Dados!$C$47,-2*Dados!$C$53*(C28-Dados!$C$52),-2*Dados!$C$54*(Dados!$C$5-C28)) | F28: =ATAN(E28) | G28: =COS(F28) | H28: =SIN(F28) | I28: =ABS(F28-F27) | J28: =J27+I28 | K28: =SQRT((B28-B27)^2+(D28-D27)^2) | L28: =L27+K28 | M28: =Dados!$C$67*EXP(-Dados!$C$70*J28-Dados!$C$71*L28) | N28: =N27+0.5*(M28+M27)*(B28-B27) | O28: =2*(N28-M28*B28)/Dados!$C$65 | P28: =IF(B28<=Dados!$C$81,2*Dados!$C$82-M28,M28) | Q28: =MAX(Dados!$C$77*(Dados!$C$59*(1/Dados!$C$8+D28^2/Dados!$C$9)*P28-Esforcos!D28*D28/Dados!$C$9/1000)/(1+Dados!$C$77*Dados!$C$59*(1/Dados!$C$8+D28^2/Dados!$C$9)),0) | R28: =P28-Q28 | S28: =Dados!$C$59*R28*1000 | T28: =(-S28/Dados!$C$8-S28*D28^2/Dados!$C$9+Esforcos!D28*D28/Dados!$C$9)/1000 | U28: =R28/Dados!$C$60 | V28: =IF(U28<=0.5,0,IF(U28<=0.6,(U28-0.5)/0.1*1.3,IF(U28<=0.7,1.3+(U28-0.6)/0.1*1.2,IF(U28<=0.8,2.5+(U28-0.7)/0.1*1,3.5))))/100 | W28: =2.5*V28 | X28: =-LN(1-W28) | Y28: =1+D28^2*Dados!$C$8/Dados!$C$9 | Z28: =(ABS(Dados!$C$74)*Dados!$C$65+Dados!$C$76*ABS(T28)*Dados!$C$73+R28*X28)/((1+X28)+(1+0.5*Dados!$C$73)*Dados!$C$76*Y28*Dados!$C$78) | AA28: =R28-Z28 | AB28: =Dados!$C$59*AA28*1000 | AC28: =S28/Dados!$C$68 | AD28: =AB28/S28
A29: 21 | B29: =A29*0.5 | C29: =IF(B29<=Dados!$C$5,B29,2*Dados!$C$5-B29) | D29: =IF(C29<=Dados!$C$47,Dados!$C$44-Dados!$C$53*(C29-Dados!$C$52)^2,-Dados!$C$45+Dados!$C$54*(Dados!$C$5-C29)^2) | E29: =IF(B29<=Dados!$C$5,1,-1)*IF(C29<=Dados!$C$47,-2*Dados!$C$53*(C29-Dados!$C$52),-2*Dados!$C$54*(Dados!$C$5-C29)) | F29: =ATAN(E29) | G29: =COS(F29) | H29: =SIN(F29) | I29: =ABS(F29-F28) | J29: =J28+I29 | K29: =SQRT((B29-B28)^2+(D29-D28)^2) | L29: =L28+K29 | M29: =Dados!$C$67*EXP(-Dados!$C$70*J29-Dados!$C$71*L29) | N29: =N28+0.5*(M29+M28)*(B29-B28) | P29: =P27 | Q29: =MAX(Dados!$C$77*(Dados!$C$59*(1/Dados!$C$8+D29^2/Dados!$C$9)*P29-Esforcos!D29*D29/Dados!$C$9/1000)/(1+Dados!$C$77*Dados!$C$59*(1/Dados!$C$8+D29^2/Dados!$C$9)),0) | R29: =P29-Q29 | S29: =Dados!$C$59*R29*1000 | T29: =(-S29/Dados!$C$8-S29*D29^2/Dados!$C$9+Esforcos!D29*D29/Dados!$C$9)/1000 | U29: =R29/Dados!$C$60 | V29: =IF(U29<=0.5,0,IF(U29<=0.6,(U29-0.5)/0.1*1.3,IF(U29<=0.7,1.3+(U29-0.6)/0.1*1.2,IF(U29<=0.8,2.5+(U29-0.7)/0.1*1,3.5))))/100 | W29: =2.5*V29 | X29: =-LN(1-W29) | Y29: =1+D29^2*Dados!$C$8/Dados!$C$9 | Z29: =(ABS(Dados!$C$74)*Dados!$C$65+Dados!$C$76*ABS(T29)*Dados!$C$73+R29*X29)/((1+X29)+(1+0.5*Dados!$C$73)*Dados!$C$76*Y29*Dados!$C$78) | AA29: =R29-Z29 | AB29: =Dados!$C$59*AA29*1000 | AC29: =S29/Dados!$C$68 | AD29: =AB29/S29
A30: 22 | B30: =A30*0.5 | C30: =IF(B30<=Dados!$C$5,B30,2*Dados!$C$5-B30) | D30: =IF(C30<=Dados!$C$47,Dados!$C$44-Dados!$C$53*(C30-Dados!$C$52)^2,-Dados!$C$45+Dados!$C$54*(Dados!$C$5-C30)^2) | E30: =IF(B30<=Dados!$C$5,1,-1)*IF(C30<=Dados!$C$47,-2*Dados!$C$53*(C30-Dados!$C$52),-2*Dados!$C$54*(Dados!$C$5-C30)) | F30: =ATAN(E30) | G30: =COS(F30) | H30: =SIN(F30) | I30: =ABS(F30-F29) | J30: =J29+I30 | K30: =SQRT((B30-B29)^2+(D30-D29)^2) | L30: =L29+K30 | M30: =Dados!$C$67*EXP(-Dados!$C$70*J30-Dados!$C$71*L30) | N30: =N29+0.5*(M30+M29)*(B30-B29) | P30: =P26 | Q30: =MAX(Dados!$C$77*(Dados!$C$59*(1/Dados!$C$8+D30^2/Dados!$C$9)*P30-Esforcos!D30*D30/Dados!$C$9/1000)/(1+Dados!$C$77*Dados!$C$59*(1/Dados!$C$8+D30^2/Dados!$C$9)),0) | R30: =P30-Q30 | S30: =Dados!$C$59*R30*1000 | T30: =(-S30/Dados!$C$8-S30*D30^2/Dados!$C$9+Esforcos!D30*D30/Dados!$C$9)/1000 | U30: =R30/Dados!$C$60 | V30: =IF(U30<=0.5,0,IF(U30<=0.6,(U30-0.5)/0.1*1.3,IF(U30<=0.7,1.3+(U30-0.6)/0.1*1.2,IF(U30<=0.8,2.5+(U30-0.7)/0.1*1,3.5))))/100 | W30: =2.5*V30 | X30: =-LN(1-W30) | Y30: =1+D30^2*Dados!$C$8/Dados!$C$9 | Z30: =(ABS(Dados!$C$74)*Dados!$C$65+Dados!$C$76*ABS(T30)*Dados!$C$73+R30*X30)/((1+X30)+(1+0.5*Dados!$C$73)*Dados!$C$76*Y30*Dados!$C$78) | AA30: =R30-Z30 | AB30: =Dados!$C$59*AA30*1000 | AC30: =S30/Dados!$C$68 | AD30: =AB30/S30
A31: 23 | B31: =A31*0.5 | C31: =IF(B31<=Dados!$C$5,B31,2*Dados!$C$5-B31) | D31: =IF(C31<=Dados!$C$47,Dados!$C$44-Dados!$C$53*(C31-Dados!$C$52)^2,-Dados!$C$45+Dados!$C$54*(Dados!$C$5-C31)^2) | E31: =IF(B31<=Dados!$C$5,1,-1)*IF(C31<=Dados!$C$47,-2*Dados!$C$53*(C31-Dados!$C$52),-2*Dados!$C$54*(Dados!$C$5-C31)) | F31: =ATAN(E31) | G31: =COS(F31) | H31: =SIN(F31) | I31: =ABS(F31-F30) | J31: =J30+I31 | K31: =SQRT((B31-B30)^2+(D31-D30)^2) | L31: =L30+K31 | M31: =Dados!$C$67*EXP(-Dados!$C$70*J31-Dados!$C$71*L31) | N31: =N30+0.5*(M31+M30)*(B31-B30) | P31: =P25 | Q31: =MAX(Dados!$C$77*(Dados!$C$59*(1/Dados!$C$8+D31^2/Dados!$C$9)*P31-Esforcos!D31*D31/Dados!$C$9/1000)/(1+Dados!$C$77*Dados!$C$59*(1/Dados!$C$8+D31^2/Dados!$C$9)),0) | R31: =P31-Q31 | S31: =Dados!$C$59*R31*1000 | T31: =(-S31/Dados!$C$8-S31*D31^2/Dados!$C$9+Esforcos!D31*D31/Dados!$C$9)/1000 | U31: =R31/Dados!$C$60 | V31: =IF(U31<=0.5,0,IF(U31<=0.6,(U31-0.5)/0.1*1.3,IF(U31<=0.7,1.3+(U31-0.6)/0.1*1.2,IF(U31<=0.8,2.5+(U31-0.7)/0.1*1,3.5))))/100 | W31: =2.5*V31 | X31: =-LN(1-W31) | Y31: =1+D31^2*Dados!$C$8/Dados!$C$9 | Z31: =(ABS(Dados!$C$74)*Dados!$C$65+Dados!$C$76*ABS(T31)*Dados!$C$73+R31*X31)/((1+X31)+(1+0.5*Dados!$C$73)*Dados!$C$76*Y31*Dados!$C$78) | AA31: =R31-Z31 | AB31: =Dados!$C$59*AA31*1000 | AC31: =S31/Dados!$C$68 | AD31: =AB31/S31
A32: 24 | B32: =A32*0.5 | C32: =IF(B32<=Dados!$C$5,B32,2*Dados!$C$5-B32) | D32: =IF(C32<=Dados!$C$47,Dados!$C$44-Dados!$C$53*(C32-Dados!$C$52)^2,-Dados!$C$45+Dados!$C$54*(Dados!$C$5-C32)^2) | E32: =IF(B32<=Dados!$C$5,1,-1)*IF(C32<=Dados!$C$47,-2*Dados!$C$53*(C32-Dados!$C$52),-2*Dados!$C$54*(Dados!$C$5-C32)) | F32: =ATAN(E32) | G32: =COS(F32) | H32: =SIN(F32) | I32: =ABS(F32-F31) | J32: =J31+I32 | K32: =SQRT((B32-B31)^2+(D32-D31)^2) | L32: =L31+K32 | M32: =Dados!$C$67*EXP(-Dados!$C$70*J32-Dados!$C$71*L32) | N32: =N31+0.5*(M32+M31)*(B32-B31) | P32: =P24 | Q32: =MAX(Dados!$C$77*(Dados!$C$59*(1/Dados!$C$8+D32^2/Dados!$C$9)*P32-Esforcos!D32*D32/Dados!$C$9/1000)/(1+Dados!$C$77*Dados!$C$59*(1/Dados!$C$8+D32^2/Dados!$C$9)),0) | R32: =P32-Q32 | S32: =Dados!$C$59*R32*1000 | T32: =(-S32/Dados!$C$8-S32*D32^2/Dados!$C$9+Esforcos!D32*D32/Dados!$C$9)/1000 | U32: =R32/Dados!$C$60 | V32: =IF(U32<=0.5,0,IF(U32<=0.6,(U32-0.5)/0.1*1.3,IF(U32<=0.7,1.3+(U32-0.6)/0.1*1.2,IF(U32<=0.8,2.5+(U32-0.7)/0.1*1,3.5))))/100 | W32: =2.5*V32 | X32: =-LN(1-W32) | Y32: =1+D32^2*Dados!$C$8/Dados!$C$9 | Z32: =(ABS(Dados!$C$74)*Dados!$C$65+Dados!$C$76*ABS(T32)*Dados!$C$73+R32*X32)/((1+X32)+(1+0.5*Dados!$C$73)*Dados!$C$76*Y32*Dados!$C$78) | AA32: =R32-Z32 | AB32: =Dados!$C$59*AA32*1000 | AC32: =S32/Dados!$C$68 | AD32: =AB32/S32
A33: 25 | B33: =A33*0.5 | C33: =IF(B33<=Dados!$C$5,B33,2*Dados!$C$5-B33) | D33: =IF(C33<=Dados!$C$47,Dados!$C$44-Dados!$C$53*(C33-Dados!$C$52)^2,-Dados!$C$45+Dados!$C$54*(Dados!$C$5-C33)^2) | E33: =IF(B33<=Dados!$C$5,1,-1)*IF(C33<=Dados!$C$47,-2*Dados!$C$53*(C33-Dados!$C$52),-2*Dados!$C$54*(Dados!$C$5-C33)) | F33: =ATAN(E33) | G33: =COS(F33) | H33: =SIN(F33) | I33: =ABS(F33-F32) | J33: =J32+I33 | K33: =SQRT((B33-B32)^2+(D33-D32)^2) | L33: =L32+K33 | M33: =Dados!$C$67*EXP(-Dados!$C$70*J33-Dados!$C$71*L33) | N33: =N32+0.5*(M33+M32)*(B33-B32) | P33: =P23 | Q33: =MAX(Dados!$C$77*(Dados!$C$59*(1/Dados!$C$8+D33^2/Dados!$C$9)*P33-Esforcos!D33*D33/Dados!$C$9/1000)/(1+Dados!$C$77*Dados!$C$59*(1/Dados!$C$8+D33^2/Dados!$C$9)),0) | R33: =P33-Q33 | S33: =Dados!$C$59*R33*1000 | T33: =(-S33/Dados!$C$8-S33*D33^2/Dados!$C$9+Esforcos!D33*D33/Dados!$C$9)/1000 | U33: =R33/Dados!$C$60 | V33: =IF(U33<=0.5,0,IF(U33<=0.6,(U33-0.5)/0.1*1.3,IF(U33<=0.7,1.3+(U33-0.6)/0.1*1.2,IF(U33<=0.8,2.5+(U33-0.7)/0.1*1,3.5))))/100 | W33: =2.5*V33 | X33: =-LN(1-W33) | Y33: =1+D33^2*Dados!$C$8/Dados!$C$9 | Z33: =(ABS(Dados!$C$74)*Dados!$C$65+Dados!$C$76*ABS(T33)*Dados!$C$73+R33*X33)/((1+X33)+(1+0.5*Dados!$C$73)*Dados!$C$76*Y33*Dados!$C$78) | AA33: =R33-Z33 | AB33: =Dados!$C$59*AA33*1000 | AC33: =S33/Dados!$C$68 | AD33: =AB33/S33
A34: 26 | B34: =A34*0.5 | C34: =IF(B34<=Dados!$C$5,B34,2*Dados!$C$5-B34) | D34: =IF(C34<=Dados!$C$47,Dados!$C$44-Dados!$C$53*(C34-Dados!$C$52)^2,-Dados!$C$45+Dados!$C$54*(Dados!$C$5-C34)^2) | E34: =IF(B34<=Dados!$C$5,1,-1)*IF(C34<=Dados!$C$47,-2*Dados!$C$53*(C34-Dados!$C$52),-2*Dados!$C$54*(Dados!$C$5-C34)) | F34: =ATAN(E34) | G34: =COS(F34) | H34: =SIN(F34) | I34: =ABS(F34-F33) | J34: =J33+I34 | K34: =SQRT((B34-B33)^2+(D34-D33)^2) | L34: =L33+K34 | M34: =Dados!$C$67*EXP(-Dados!$C$70*J34-Dados!$C$71*L34) | N34: =N33+0.5*(M34+M33)*(B34-B33) | P34: =P22 | Q34: =MAX(Dados!$C$77*(Dados!$C$59*(1/Dados!$C$8+D34^2/Dados!$C$9)*P34-Esforcos!D34*D34/Dados!$C$9/1000)/(1+Dados!$C$77*Dados!$C$59*(1/Dados!$C$8+D34^2/Dados!$C$9)),0) | R34: =P34-Q34 | S34: =Dados!$C$59*R34*1000 | T34: =(-S34/Dados!$C$8-S34*D34^2/Dados!$C$9+Esforcos!D34*D34/Dados!$C$9)/1000 | U34: =R34/Dados!$C$60 | V34: =IF(U34<=0.5,0,IF(U34<=0.6,(U34-0.5)/0.1*1.3,IF(U34<=0.7,1.3+(U34-0.6)/0.1*1.2,IF(U34<=0.8,2.5+(U34-0.7)/0.1*1,3.5))))/100 | W34: =2.5*V34 | X34: =-LN(1-W34) | Y34: =1+D34^2*Dados!$C$8/Dados!$C$9 | Z34: =(ABS(Dados!$C$74)*Dados!$C$65+Dados!$C$76*ABS(T34)*Dados!$C$73+R34*X34)/((1+X34)+(1+0.5*Dados!$C$73)*Dados!$C$76*Y34*Dados!$C$78) | AA34: =R34-Z34 | AB34: =Dados!$C$59*AA34*1000 | AC34: =S34/Dados!$C$68 | AD34: =AB34/S34
A35: 27 | B35: =A35*0.5 | C35: =IF(B35<=Dados!$C$5,B35,2*Dados!$C$5-B35) | D35: =IF(C35<=Dados!$C$47,Dados!$C$44-Dados!$C$53*(C35-Dados!$C$52)^2,-Dados!$C$45+Dados!$C$54*(Dados!$C$5-C35)^2) | E35: =IF(B35<=Dados!$C$5,1,-1)*IF(C35<=Dados!$C$47,-2*Dados!$C$53*(C35-Dados!$C$52),-2*Dados!$C$54*(Dados!$C$5-C35)) | F35: =ATAN(E35) | G35: =COS(F35) | H35: =SIN(F35) | I35: =ABS(F35-F34) | J35: =J34+I35 | K35: =SQRT((B35-B34)^2+(D35-D34)^2) | L35: =L34+K35 | M35: =Dados!$C$67*EXP(-Dados!$C$70*J35-Dados!$C$71*L35) | N35: =N34+0.5*(M35+M34)*(B35-B34) | P35: =P21 | Q35: =MAX(Dados!$C$77*(Dados!$C$59*(1/Dados!$C$8+D35^2/Dados!$C$9)*P35-Esforcos!D35*D35/Dados!$C$9/1000)/(1+Dados!$C$77*Dados!$C$59*(1/Dados!$C$8+D35^2/Dados!$C$9)),0) | R35: =P35-Q35 | S35: =Dados!$C$59*R35*1000 | T35: =(-S35/Dados!$C$8-S35*D35^2/Dados!$C$9+Esforcos!D35*D35/Dados!$C$9)/1000 | U35: =R35/Dados!$C$60 | V35: =IF(U35<=0.5,0,IF(U35<=0.6,(U35-0.5)/0.1*1.3,IF(U35<=0.7,1.3+(U35-0.6)/0.1*1.2,IF(U35<=0.8,2.5+(U35-0.7)/0.1*1,3.5))))/100 | W35: =2.5*V35 | X35: =-LN(1-W35) | Y35: =1+D35^2*Dados!$C$8/Dados!$C$9 | Z35: =(ABS(Dados!$C$74)*Dados!$C$65+Dados!$C$76*ABS(T35)*Dados!$C$73+R35*X35)/((1+X35)+(1+0.5*Dados!$C$73)*Dados!$C$76*Y35*Dados!$C$78) | AA35: =R35-Z35 | AB35: =Dados!$C$59*AA35*1000 | AC35: =S35/Dados!$C$68 | AD35: =AB35/S35
A36: 28 | B36: =A36*0.5 | C36: =IF(B36<=Dados!$C$5,B36,2*Dados!$C$5-B36) | D36: =IF(C36<=Dados!$C$47,Dados!$C$44-Dados!$C$53*(C36-Dados!$C$52)^2,-Dados!$C$45+Dados!$C$54*(Dados!$C$5-C36)^2) | E36: =IF(B36<=Dados!$C$5,1,-1)*IF(C36<=Dados!$C$47,-2*Dados!$C$53*(C36-Dados!$C$52),-2*Dados!$C$54*(Dados!$C$5-C36)) | F36: =ATAN(E36) | G36: =COS(F36) | H36: =SIN(F36) | I36: =ABS(F36-F35) | J36: =J35+I36 | K36: =SQRT((B36-B35)^2+(D36-D35)^2) | L36: =L35+K36 | M36: =Dados!$C$67*EXP(-Dados!$C$70*J36-Dados!$C$71*L36) | N36: =N35+0.5*(M36+M35)*(B36-B35) | P36: =P20 | Q36: =MAX(Dados!$C$77*(Dados!$C$59*(1/Dados!$C$8+D36^2/Dados!$C$9)*P36-Esforcos!D36*D36/Dados!$C$9/1000)/(1+Dados!$C$77*Dados!$C$59*(1/Dados!$C$8+D36^2/Dados!$C$9)),0) | R36: =P36-Q36 | S36: =Dados!$C$59*R36*1000 | T36: =(-S36/Dados!$C$8-S36*D36^2/Dados!$C$9+Esforcos!D36*D36/Dados!$C$9)/1000 | U36: =R36/Dados!$C$60 | V36: =IF(U36<=0.5,0,IF(U36<=0.6,(U36-0.5)/0.1*1.3,IF(U36<=0.7,1.3+(U36-0.6)/0.1*1.2,IF(U36<=0.8,2.5+(U36-0.7)/0.1*1,3.5))))/100 | W36: =2.5*V36 | X36: =-LN(1-W36) | Y36: =1+D36^2*Dados!$C$8/Dados!$C$9 | Z36: =(ABS(Dados!$C$74)*Dados!$C$65+Dados!$C$76*ABS(T36)*Dados!$C$73+R36*X36)/((1+X36)+(1+0.5*Dados!$C$73)*Dados!$C$76*Y36*Dados!$C$78) | AA36: =R36-Z36 | AB36: =Dados!$C$59*AA36*1000 | AC36: =S36/Dados!$C$68 | AD36: =AB36/S36
A37: 29 | B37: =A37*0.5 | C37: =IF(B37<=Dados!$C$5,B37,2*Dados!$C$5-B37) | D37: =IF(C37<=Dados!$C$47,Dados!$C$44-Dados!$C$53*(C37-Dados!$C$52)^2,-Dados!$C$45+Dados!$C$54*(Dados!$C$5-C37)^2) | E37: =IF(B37<=Dados!$C$5,1,-1)*IF(C37<=Dados!$C$47,-2*Dados!$C$53*(C37-Dados!$C$52),-2*Dados!$C$54*(Dados!$C$5-C37)) | F37: =ATAN(E37) | G37: =COS(F37) | H37: =SIN(F37) | I37: =ABS(F37-F36) | J37: =J36+I37 | K37: =SQRT((B37-B36)^2+(D37-D36)^2) | L37: =L36+K37 | M37: =Dados!$C$67*EXP(-Dados!$C$70*J37-Dados!$C$71*L37) | N37: =N36+0.5*(M37+M36)*(B37-B36) | P37: =P19 | Q37: =MAX(Dados!$C$77*(Dados!$C$59*(1/Dados!$C$8+D37^2/Dados!$C$9)*P37-Esforcos!D37*D37/Dados!$C$9/1000)/(1+Dados!$C$77*Dados!$C$59*(1/Dados!$C$8+D37^2/Dados!$C$9)),0) | R37: =P37-Q37 | S37: =Dados!$C$59*R37*1000 | T37: =(-S37/Dados!$C$8-S37*D37^2/Dados!$C$9+Esforcos!D37*D37/Dados!$C$9)/1000 | U37: =R37/Dados!$C$60 | V37: =IF(U37<=0.5,0,IF(U37<=0.6,(U37-0.5)/0.1*1.3,IF(U37<=0.7,1.3+(U37-0.6)/0.1*1.2,IF(U37<=0.8,2.5+(U37-0.7)/0.1*1,3.5))))/100 | W37: =2.5*V37 | X37: =-LN(1-W37) | Y37: =1+D37^2*Dados!$C$8/Dados!$C$9 | Z37: =(ABS(Dados!$C$74)*Dados!$C$65+Dados!$C$76*ABS(T37)*Dados!$C$73+R37*X37)/((1+X37)+(1+0.5*Dados!$C$73)*Dados!$C$76*Y37*Dados!$C$78) | AA37: =R37-Z37 | AB37: =Dados!$C$59*AA37*1000 | AC37: =S37/Dados!$C$68 | AD37: =AB37/S37
A38: 30 | B38: =A38*0.5 | C38: =IF(B38<=Dados!$C$5,B38,2*Dados!$C$5-B38) | D38: =IF(C38<=Dados!$C$47,Dados!$C$44-Dados!$C$53*(C38-Dados!$C$52)^2,-Dados!$C$45+Dados!$C$54*(Dados!$C$5-C38)^2) | E38: =IF(B38<=Dados!$C$5,1,-1)*IF(C38<=Dados!$C$47,-2*Dados!$C$53*(C38-Dados!$C$52),-2*Dados!$C$54*(Dados!$C$5-C38)) | F38: =ATAN(E38) | G38: =COS(F38) | H38: =SIN(F38) | I38: =ABS(F38-F37) | J38: =J37+I38 | K38: =SQRT((B38-B37)^2+(D38-D37)^2) | L38: =L37+K38 | M38: =Dados!$C$67*EXP(-Dados!$C$70*J38-Dados!$C$71*L38) | N38: =N37+0.5*(M38+M37)*(B38-B37) | P38: =P18 | Q38: =MAX(Dados!$C$77*(Dados!$C$59*(1/Dados!$C$8+D38^2/Dados!$C$9)*P38-Esforcos!D38*D38/Dados!$C$9/1000)/(1+Dados!$C$77*Dados!$C$59*(1/Dados!$C$8+D38^2/Dados!$C$9)),0) | R38: =P38-Q38 | S38: =Dados!$C$59*R38*1000 | T38: =(-S38/Dados!$C$8-S38*D38^2/Dados!$C$9+Esforcos!D38*D38/Dados!$C$9)/1000 | U38: =R38/Dados!$C$60 | V38: =IF(U38<=0.5,0,IF(U38<=0.6,(U38-0.5)/0.1*1.3,IF(U38<=0.7,1.3+(U38-0.6)/0.1*1.2,IF(U38<=0.8,2.5+(U38-0.7)/0.1*1,3.5))))/100 | W38: =2.5*V38 | X38: =-LN(1-W38) | Y38: =1+D38^2*Dados!$C$8/Dados!$C$9 | Z38: =(ABS(Dados!$C$74)*Dados!$C$65+Dados!$C$76*ABS(T38)*Dados!$C$73+R38*X38)/((1+X38)+(1+0.5*Dados!$C$73)*Dados!$C$76*Y38*Dados!$C$78) | AA38: =R38-Z38 | AB38: =Dados!$C$59*AA38*1000 | AC38: =S38/Dados!$C$68 | AD38: =AB38/S38
A39: 31 | B39: =A39*0.5 | C39: =IF(B39<=Dados!$C$5,B39,2*Dados!$C$5-B39) | D39: =IF(C39<=Dados!$C$47,Dados!$C$44-Dados!$C$53*(C39-Dados!$C$52)^2,-Dados!$C$45+Dados!$C$54*(Dados!$C$5-C39)^2) | E39: =IF(B39<=Dados!$C$5,1,-1)*IF(C39<=Dados!$C$47,-2*Dados!$C$53*(C39-Dados!$C$52),-2*Dados!$C$54*(Dados!$C$5-C39)) | F39: =ATAN(E39) | G39: =COS(F39) | H39: =SIN(F39) | I39: =ABS(F39-F38) | J39: =J38+I39 | K39: =SQRT((B39-B38)^2+(D39-D38)^2) | L39: =L38+K39 | M39: =Dados!$C$67*EXP(-Dados!$C$70*J39-Dados!$C$71*L39) | N39: =N38+0.5*(M39+M38)*(B39-B38) | P39: =P17 | Q39: =MAX(Dados!$C$77*(Dados!$C$59*(1/Dados!$C$8+D39^2/Dados!$C$9)*P39-Esforcos!D39*D39/Dados!$C$9/1000)/(1+Dados!$C$77*Dados!$C$59*(1/Dados!$C$8+D39^2/Dados!$C$9)),0) | R39: =P39-Q39 | S39: =Dados!$C$59*R39*1000 | T39: =(-S39/Dados!$C$8-S39*D39^2/Dados!$C$9+Esforcos!D39*D39/Dados!$C$9)/1000 | U39: =R39/Dados!$C$60 | V39: =IF(U39<=0.5,0,IF(U39<=0.6,(U39-0.5)/0.1*1.3,IF(U39<=0.7,1.3+(U39-0.6)/0.1*1.2,IF(U39<=0.8,2.5+(U39-0.7)/0.1*1,3.5))))/100 | W39: =2.5*V39 | X39: =-LN(1-W39) | Y39: =1+D39^2*Dados!$C$8/Dados!$C$9 | Z39: =(ABS(Dados!$C$74)*Dados!$C$65+Dados!$C$76*ABS(T39)*Dados!$C$73+R39*X39)/((1+X39)+(1+0.5*Dados!$C$73)*Dados!$C$76*Y39*Dados!$C$78) | AA39: =R39-Z39 | AB39: =Dados!$C$59*AA39*1000 | AC39: =S39/Dados!$C$68 | AD39: =AB39/S39
A40: 32 | B40: =A40*0.5 | C40: =IF(B40<=Dados!$C$5,B40,2*Dados!$C$5-B40) | D40: =IF(C40<=Dados!$C$47,Dados!$C$44-Dados!$C$53*(C40-Dados!$C$52)^2,-Dados!$C$45+Dados!$C$54*(Dados!$C$5-C40)^2) | E40: =IF(B40<=Dados!$C$5,1,-1)*IF(C40<=Dados!$C$47,-2*Dados!$C$53*(C40-Dados!$C$52),-2*Dados!$C$54*(Dados!$C$5-C40)) | F40: =ATAN(E40) | G40: =COS(F40) | H40: =SIN(F40) | I40: =ABS(F40-F39) | J40: =J39+I40 | K40: =SQRT((B40-B39)^2+(D40-D39)^2) | L40: =L39+K40 | M40: =Dados!$C$67*EXP(-Dados!$C$70*J40-Dados!$C$71*L40) | N40: =N39+0.5*(M40+M39)*(B40-B39) | P40: =P16 | Q40: =MAX(Dados!$C$77*(Dados!$C$59*(1/Dados!$C$8+D40^2/Dados!$C$9)*P40-Esforcos!D40*D40/Dados!$C$9/1000)/(1+Dados!$C$77*Dados!$C$59*(1/Dados!$C$8+D40^2/Dados!$C$9)),0) | R40: =P40-Q40 | S40: =Dados!$C$59*R40*1000 | T40: =(-S40/Dados!$C$8-S40*D40^2/Dados!$C$9+Esforcos!D40*D40/Dados!$C$9)/1000 | U40: =R40/Dados!$C$60 | V40: =IF(U40<=0.5,0,IF(U40<=0.6,(U40-0.5)/0.1*1.3,IF(U40<=0.7,1.3+(U40-0.6)/0.1*1.2,IF(U40<=0.8,2.5+(U40-0.7)/0.1*1,3.5))))/100 | W40: =2.5*V40 | X40: =-LN(1-W40) | Y40: =1+D40^2*Dados!$C$8/Dados!$C$9 | Z40: =(ABS(Dados!$C$74)*Dados!$C$65+Dados!$C$76*ABS(T40)*Dados!$C$73+R40*X40)/((1+X40)+(1+0.5*Dados!$C$73)*Dados!$C$76*Y40*Dados!$C$78) | AA40: =R40-Z40 | AB40: =Dados!$C$59*AA40*1000 | AC40: =S40/Dados!$C$68 | AD40: =AB40/S40
A41: 33 | B41: =A41*0.5 | C41: =IF(B41<=Dados!$C$5,B41,2*Dados!$C$5-B41) | D41: =IF(C41<=Dados!$C$47,Dados!$C$44-Dados!$C$53*(C41-Dados!$C$52)^2,-Dados!$C$45+Dados!$C$54*(Dados!$C$5-C41)^2) | E41: =IF(B41<=Dados!$C$5,1,-1)*IF(C41<=Dados!$C$47,-2*Dados!$C$53*(C41-Dados!$C$52),-2*Dados!$C$54*(Dados!$C$5-C41)) | F41: =ATAN(E41) | G41: =COS(F41) | H41: =SIN(F41) | I41: =ABS(F41-F40) | J41: =J40+I41 | K41: =SQRT((B41-B40)^2+(D41-D40)^2) | L41: =L40+K41 | M41: =Dados!$C$67*EXP(-Dados!$C$70*J41-Dados!$C$71*L41) | N41: =N40+0.5*(M41+M40)*(B41-B40) | P41: =P15 | Q41: =MAX(Dados!$C$77*(Dados!$C$59*(1/Dados!$C$8+D41^2/Dados!$C$9)*P41-Esforcos!D41*D41/Dados!$C$9/1000)/(1+Dados!$C$77*Dados!$C$59*(1/Dados!$C$8+D41^2/Dados!$C$9)),0) | R41: =P41-Q41 | S41: =Dados!$C$59*R41*1000 | T41: =(-S41/Dados!$C$8-S41*D41^2/Dados!$C$9+Esforcos!D41*D41/Dados!$C$9)/1000 | U41: =R41/Dados!$C$60 | V41: =IF(U41<=0.5,0,IF(U41<=0.6,(U41-0.5)/0.1*1.3,IF(U41<=0.7,1.3+(U41-0.6)/0.1*1.2,IF(U41<=0.8,2.5+(U41-0.7)/0.1*1,3.5))))/100 | W41: =2.5*V41 | X41: =-LN(1-W41) | Y41: =1+D41^2*Dados!$C$8/Dados!$C$9 | Z41: =(ABS(Dados!$C$74)*Dados!$C$65+Dados!$C$76*ABS(T41)*Dados!$C$73+R41*X41)/((1+X41)+(1+0.5*Dados!$C$73)*Dados!$C$76*Y41*Dados!$C$78) | AA41: =R41-Z41 | AB41: =Dados!$C$59*AA41*1000 | AC41: =S41/Dados!$C$68 | AD41: =AB41/S41
A42: 34 | B42: =A42*0.5 | C42: =IF(B42<=Dados!$C$5,B42,2*Dados!$C$5-B42) | D42: =IF(C42<=Dados!$C$47,Dados!$C$44-Dados!$C$53*(C42-Dados!$C$52)^2,-Dados!$C$45+Dados!$C$54*(Dados!$C$5-C42)^2) | E42: =IF(B42<=Dados!$C$5,1,-1)*IF(C42<=Dados!$C$47,-2*Dados!$C$53*(C42-Dados!$C$52),-2*Dados!$C$54*(Dados!$C$5-C42)) | F42: =ATAN(E42) | G42: =COS(F42) | H42: =SIN(F42) | I42: =ABS(F42-F41) | J42: =J41+I42 | K42: =SQRT((B42-B41)^2+(D42-D41)^2) | L42: =L41+K42 | M42: =Dados!$C$67*EXP(-Dados!$C$70*J42-Dados!$C$71*L42) | N42: =N41+0.5*(M42+M41)*(B42-B41) | P42: =P14 | Q42: =MAX(Dados!$C$77*(Dados!$C$59*(1/Dados!$C$8+D42^2/Dados!$C$9)*P42-Esforcos!D42*D42/Dados!$C$9/1000)/(1+Dados!$C$77*Dados!$C$59*(1/Dados!$C$8+D42^2/Dados!$C$9)),0) | R42: =P42-Q42 | S42: =Dados!$C$59*R42*1000 | T42: =(-S42/Dados!$C$8-S42*D42^2/Dados!$C$9+Esforcos!D42*D42/Dados!$C$9)/1000 | U42: =R42/Dados!$C$60 | V42: =IF(U42<=0.5,0,IF(U42<=0.6,(U42-0.5)/0.1*1.3,IF(U42<=0.7,1.3+(U42-0.6)/0.1*1.2,IF(U42<=0.8,2.5+(U42-0.7)/0.1*1,3.5))))/100 | W42: =2.5*V42 | X42: =-LN(1-W42) | Y42: =1+D42^2*Dados!$C$8/Dados!$C$9 | Z42: =(ABS(Dados!$C$74)*Dados!$C$65+Dados!$C$76*ABS(T42)*Dados!$C$73+R42*X42)/((1+X42)+(1+0.5*Dados!$C$73)*Dados!$C$76*Y42*Dados!$C$78) | AA42: =R42-Z42 | AB42: =Dados!$C$59*AA42*1000 | AC42: =S42/Dados!$C$68 | AD42: =AB42/S42
A43: 35 | B43: =A43*0.5 | C43: =IF(B43<=Dados!$C$5,B43,2*Dados!$C$5-B43) | D43: =IF(C43<=Dados!$C$47,Dados!$C$44-Dados!$C$53*(C43-Dados!$C$52)^2,-Dados!$C$45+Dados!$C$54*(Dados!$C$5-C43)^2) | E43: =IF(B43<=Dados!$C$5,1,-1)*IF(C43<=Dados!$C$47,-2*Dados!$C$53*(C43-Dados!$C$52),-2*Dados!$C$54*(Dados!$C$5-C43)) | F43: =ATAN(E43) | G43: =COS(F43) | H43: =SIN(F43) | I43: =ABS(F43-F42) | J43: =J42+I43 | K43: =SQRT((B43-B42)^2+(D43-D42)^2) | L43: =L42+K43 | M43: =Dados!$C$67*EXP(-Dados!$C$70*J43-Dados!$C$71*L43) | N43: =N42+0.5*(M43+M42)*(B43-B42) | P43: =P13 | Q43: =MAX(Dados!$C$77*(Dados!$C$59*(1/Dados!$C$8+D43^2/Dados!$C$9)*P43-Esforcos!D43*D43/Dados!$C$9/1000)/(1+Dados!$C$77*Dados!$C$59*(1/Dados!$C$8+D43^2/Dados!$C$9)),0) | R43: =P43-Q43 | S43: =Dados!$C$59*R43*1000 | T43: =(-S43/Dados!$C$8-S43*D43^2/Dados!$C$9+Esforcos!D43*D43/Dados!$C$9)/1000 | U43: =R43/Dados!$C$60 | V43: =IF(U43<=0.5,0,IF(U43<=0.6,(U43-0.5)/0.1*1.3,IF(U43<=0.7,1.3+(U43-0.6)/0.1*1.2,IF(U43<=0.8,2.5+(U43-0.7)/0.1*1,3.5))))/100 | W43: =2.5*V43 | X43: =-LN(1-W43) | Y43: =1+D43^2*Dados!$C$8/Dados!$C$9 | Z43: =(ABS(Dados!$C$74)*Dados!$C$65+Dados!$C$76*ABS(T43)*Dados!$C$73+R43*X43)/((1+X43)+(1+0.5*Dados!$C$73)*Dados!$C$76*Y43*Dados!$C$78) | AA43: =R43-Z43 | AB43: =Dados!$C$59*AA43*1000 | AC43: =S43/Dados!$C$68 | AD43: =AB43/S43
A44: 36 | B44: =A44*0.5 | C44: =IF(B44<=Dados!$C$5,B44,2*Dados!$C$5-B44) | D44: =IF(C44<=Dados!$C$47,Dados!$C$44-Dados!$C$53*(C44-Dados!$C$52)^2,-Dados!$C$45+Dados!$C$54*(Dados!$C$5-C44)^2) | E44: =IF(B44<=Dados!$C$5,1,-1)*IF(C44<=Dados!$C$47,-2*Dados!$C$53*(C44-Dados!$C$52),-2*Dados!$C$54*(Dados!$C$5-C44)) | F44: =ATAN(E44) | G44: =COS(F44) | H44: =SIN(F44) | I44: =ABS(F44-F43) | J44: =J43+I44 | K44: =SQRT((B44-B43)^2+(D44-D43)^2) | L44: =L43+K44 | M44: =Dados!$C$67*EXP(-Dados!$C$70*J44-Dados!$C$71*L44) | N44: =N43+0.5*(M44+M43)*(B44-B43) | P44: =P12 | Q44: =MAX(Dados!$C$77*(Dados!$C$59*(1/Dados!$C$8+D44^2/Dados!$C$9)*P44-Esforcos!D44*D44/Dados!$C$9/1000)/(1+Dados!$C$77*Dados!$C$59*(1/Dados!$C$8+D44^2/Dados!$C$9)),0) | R44: =P44-Q44 | S44: =Dados!$C$59*R44*1000 | T44: =(-S44/Dados!$C$8-S44*D44^2/Dados!$C$9+Esforcos!D44*D44/Dados!$C$9)/1000 | U44: =R44/Dados!$C$60 | V44: =IF(U44<=0.5,0,IF(U44<=0.6,(U44-0.5)/0.1*1.3,IF(U44<=0.7,1.3+(U44-0.6)/0.1*1.2,IF(U44<=0.8,2.5+(U44-0.7)/0.1*1,3.5))))/100 | W44: =2.5*V44 | X44: =-LN(1-W44) | Y44: =1+D44^2*Dados!$C$8/Dados!$C$9 | Z44: =(ABS(Dados!$C$74)*Dados!$C$65+Dados!$C$76*ABS(T44)*Dados!$C$73+R44*X44)/((1+X44)+(1+0.5*Dados!$C$73)*Dados!$C$76*Y44*Dados!$C$78) | AA44: =R44-Z44 | AB44: =Dados!$C$59*AA44*1000 | AC44: =S44/Dados!$C$68 | AD44: =AB44/S44
A45: 37 | B45: =A45*0.5 | C45: =IF(B45<=Dados!$C$5,B45,2*Dados!$C$5-B45) | D45: =IF(C45<=Dados!$C$47,Dados!$C$44-Dados!$C$53*(C45-Dados!$C$52)^2,-Dados!$C$45+Dados!$C$54*(Dados!$C$5-C45)^2) | E45: =IF(B45<=Dados!$C$5,1,-1)*IF(C45<=Dados!$C$47,-2*Dados!$C$53*(C45-Dados!$C$52),-2*Dados!$C$54*(Dados!$C$5-C45)) | F45: =ATAN(E45) | G45: =COS(F45) | H45: =SIN(F45) | I45: =ABS(F45-F44) | J45: =J44+I45 | K45: =SQRT((B45-B44)^2+(D45-D44)^2) | L45: =L44+K45 | M45: =Dados!$C$67*EXP(-Dados!$C$70*J45-Dados!$C$71*L45) | N45: =N44+0.5*(M45+M44)*(B45-B44) | P45: =P11 | Q45: =MAX(Dados!$C$77*(Dados!$C$59*(1/Dados!$C$8+D45^2/Dados!$C$9)*P45-Esforcos!D45*D45/Dados!$C$9/1000)/(1+Dados!$C$77*Dados!$C$59*(1/Dados!$C$8+D45^2/Dados!$C$9)),0) | R45: =P45-Q45 | S45: =Dados!$C$59*R45*1000 | T45: =(-S45/Dados!$C$8-S45*D45^2/Dados!$C$9+Esforcos!D45*D45/Dados!$C$9)/1000 | U45: =R45/Dados!$C$60 | V45: =IF(U45<=0.5,0,IF(U45<=0.6,(U45-0.5)/0.1*1.3,IF(U45<=0.7,1.3+(U45-0.6)/0.1*1.2,IF(U45<=0.8,2.5+(U45-0.7)/0.1*1,3.5))))/100 | W45: =2.5*V45 | X45: =-LN(1-W45) | Y45: =1+D45^2*Dados!$C$8/Dados!$C$9 | Z45: =(ABS(Dados!$C$74)*Dados!$C$65+Dados!$C$76*ABS(T45)*Dados!$C$73+R45*X45)/((1+X45)+(1+0.5*Dados!$C$73)*Dados!$C$76*Y45*Dados!$C$78) | AA45: =R45-Z45 | AB45: =Dados!$C$59*AA45*1000 | AC45: =S45/Dados!$C$68 | AD45: =AB45/S45
A46: 38 | B46: =A46*0.5 | C46: =IF(B46<=Dados!$C$5,B46,2*Dados!$C$5-B46) | D46: =IF(C46<=Dados!$C$47,Dados!$C$44-Dados!$C$53*(C46-Dados!$C$52)^2,-Dados!$C$45+Dados!$C$54*(Dados!$C$5-C46)^2) | E46: =IF(B46<=Dados!$C$5,1,-1)*IF(C46<=Dados!$C$47,-2*Dados!$C$53*(C46-Dados!$C$52),-2*Dados!$C$54*(Dados!$C$5-C46)) | F46: =ATAN(E46) | G46: =COS(F46) | H46: =SIN(F46) | I46: =ABS(F46-F45) | J46: =J45+I46 | K46: =SQRT((B46-B45)^2+(D46-D45)^2) | L46: =L45+K46 | M46: =Dados!$C$67*EXP(-Dados!$C$70*J46-Dados!$C$71*L46) | N46: =N45+0.5*(M46+M45)*(B46-B45) | P46: =P10 | Q46: =MAX(Dados!$C$77*(Dados!$C$59*(1/Dados!$C$8+D46^2/Dados!$C$9)*P46-Esforcos!D46*D46/Dados!$C$9/1000)/(1+Dados!$C$77*Dados!$C$59*(1/Dados!$C$8+D46^2/Dados!$C$9)),0) | R46: =P46-Q46 | S46: =Dados!$C$59*R46*1000 | T46: =(-S46/Dados!$C$8-S46*D46^2/Dados!$C$9+Esforcos!D46*D46/Dados!$C$9)/1000 | U46: =R46/Dados!$C$60 | V46: =IF(U46<=0.5,0,IF(U46<=0.6,(U46-0.5)/0.1*1.3,IF(U46<=0.7,1.3+(U46-0.6)/0.1*1.2,IF(U46<=0.8,2.5+(U46-0.7)/0.1*1,3.5))))/100 | W46: =2.5*V46 | X46: =-LN(1-W46) | Y46: =1+D46^2*Dados!$C$8/Dados!$C$9 | Z46: =(ABS(Dados!$C$74)*Dados!$C$65+Dados!$C$76*ABS(T46)*Dados!$C$73+R46*X46)/((1+X46)+(1+0.5*Dados!$C$73)*Dados!$C$76*Y46*Dados!$C$78) | AA46: =R46-Z46 | AB46: =Dados!$C$59*AA46*1000 | AC46: =S46/Dados!$C$68 | AD46: =AB46/S46
A47: 39 | B47: =A47*0.5 | C47: =IF(B47<=Dados!$C$5,B47,2*Dados!$C$5-B47) | D47: =IF(C47<=Dados!$C$47,Dados!$C$44-Dados!$C$53*(C47-Dados!$C$52)^2,-Dados!$C$45+Dados!$C$54*(Dados!$C$5-C47)^2) | E47: =IF(B47<=Dados!$C$5,1,-1)*IF(C47<=Dados!$C$47,-2*Dados!$C$53*(C47-Dados!$C$52),-2*Dados!$C$54*(Dados!$C$5-C47)) | F47: =ATAN(E47) | G47: =COS(F47) | H47: =SIN(F47) | I47: =ABS(F47-F46) | J47: =J46+I47 | K47: =SQRT((B47-B46)^2+(D47-D46)^2) | L47: =L46+K47 | M47: =Dados!$C$67*EXP(-Dados!$C$70*J47-Dados!$C$71*L47) | N47: =N46+0.5*(M47+M46)*(B47-B46) | P47: =P9 | Q47: =MAX(Dados!$C$77*(Dados!$C$59*(1/Dados!$C$8+D47^2/Dados!$C$9)*P47-Esforcos!D47*D47/Dados!$C$9/1000)/(1+Dados!$C$77*Dados!$C$59*(1/Dados!$C$8+D47^2/Dados!$C$9)),0) | R47: =P47-Q47 | S47: =Dados!$C$59*R47*1000 | T47: =(-S47/Dados!$C$8-S47*D47^2/Dados!$C$9+Esforcos!D47*D47/Dados!$C$9)/1000 | U47: =R47/Dados!$C$60 | V47: =IF(U47<=0.5,0,IF(U47<=0.6,(U47-0.5)/0.1*1.3,IF(U47<=0.7,1.3+(U47-0.6)/0.1*1.2,IF(U47<=0.8,2.5+(U47-0.7)/0.1*1,3.5))))/100 | W47: =2.5*V47 | X47: =-LN(1-W47) | Y47: =1+D47^2*Dados!$C$8/Dados!$C$9 | Z47: =(ABS(Dados!$C$74)*Dados!$C$65+Dados!$C$76*ABS(T47)*Dados!$C$73+R47*X47)/((1+X47)+(1+0.5*Dados!$C$73)*Dados!$C$76*Y47*Dados!$C$78) | AA47: =R47-Z47 | AB47: =Dados!$C$59*AA47*1000 | AC47: =S47/Dados!$C$68 | AD47: =AB47/S47
A48: 40 | B48: =A48*0.5 | C48: =IF(B48<=Dados!$C$5,B48,2*Dados!$C$5-B48) | D48: =IF(C48<=Dados!$C$47,Dados!$C$44-Dados!$C$53*(C48-Dados!$C$52)^2,-Dados!$C$45+Dados!$C$54*(Dados!$C$5-C48)^2) | E48: =IF(B48<=Dados!$C$5,1,-1)*IF(C48<=Dados!$C$47,-2*Dados!$C$53*(C48-Dados!$C$52),-2*Dados!$C$54*(Dados!$C$5-C48)) | F48: =ATAN(E48) | G48: =COS(F48) | H48: =SIN(F48) | I48: =ABS(F48-F47) | J48: =J47+I48 | K48: =SQRT((B48-B47)^2+(D48-D47)^2) | L48: =L47+K48 | M48: =Dados!$C$67*EXP(-Dados!$C$70*J48-Dados!$C$71*L48) | N48: =N47+0.5*(M48+M47)*(B48-B47) | P48: =P8 | Q48: =MAX(Dados!$C$77*(Dados!$C$59*(1/Dados!$C$8+D48^2/Dados!$C$9)*P48-Esforcos!D48*D48/Dados!$C$9/1000)/(1+Dados!$C$77*Dados!$C$59*(1/Dados!$C$8+D48^2/Dados!$C$9)),0) | R48: =P48-Q48 | S48: =Dados!$C$59*R48*1000 | T48: =(-S48/Dados!$C$8-S48*D48^2/Dados!$C$9+Esforcos!D48*D48/Dados!$C$9)/1000 | U48: =R48/Dados!$C$60 | V48: =IF(U48<=0.5,0,IF(U48<=0.6,(U48-0.5)/0.1*1.3,IF(U48<=0.7,1.3+(U48-0.6)/0.1*1.2,IF(U48<=0.8,2.5+(U48-0.7)/0.1*1,3.5))))/100 | W48: =2.5*V48 | X48: =-LN(1-W48) | Y48: =1+D48^2*Dados!$C$8/Dados!$C$9 | Z48: =(ABS(Dados!$C$74)*Dados!$C$65+Dados!$C$76*ABS(T48)*Dados!$C$73+R48*X48)/((1+X48)+(1+0.5*Dados!$C$73)*Dados!$C$76*Y48*Dados!$C$78) | AA48: =R48-Z48 | AB48: =Dados!$C$59*AA48*1000 | AC48: =S48/Dados!$C$68 | AD48: =AB48/S48

Sheet Hiperestatico
A1: Efeito hiperestático da protensão (momento secundário) - viga de 2 vãos
A2: Método das forças: retira-se o apoio B; R_B = 6·∫M_iso·m dx / L³ (EI constante). M_hip(x) = -R_B·m(x). Convenção: M positivo = tração embaixo.
F3: R_B (ato) [kN] | G3: R_B>0: reação p/ cima | H3: =6*0.5*(SUM(D8:D48)-0.5*(D8+D48))/Dados!$C$5^3 | I3: M_hip em B (ato) = | J3: =-H3*Dados!$C$5/2
F4: R_B (∞) [kN] | H4: =6*0.5*(SUM(F8:F48)-0.5*(F8+F48))/Dados!$C$5^3 | I4: M_hip em B (∞) = | J4: =-H4*Dados!$C$5/2
A6: x | B6: m(x) = momento da carga unitária em B | C6: M_iso,i = -Pi·cosα·e | D6: M_iso,i·m | E6: M_iso,∞ = -P∞·cosα·e | F6: M_iso,∞·m | G6: M_hip,i | H6: M_hip,∞
A7: m | B7: m | C7: kN·m | E7: kN·m | G7: kN·m | H7: kN·m
A8: =Tracado_Perdas!B8 | B8: =IF(A8<=Dados!$C$5,A8/2,(2*Dados!$C$5-A8)/2) | C8: =-Tracado_Perdas!S8*Tracado_Perdas!G8*Tracado_Perdas!D8 | D8: =C8*B8 | E8: =-Tracado_Perdas!AB8*Tracado_Perdas!G8*Tracado_Perdas!D8 | F8: =E8*B8 | G8: =-$H$3*B8 | H8: =-$H$4*B8
A9: =Tracado_Perdas!B9 | B9: =IF(A9<=Dados!$C$5,A9/2,(2*Dados!$C$5-A9)/2) | C9: =-Tracado_Perdas!S9*Tracado_Perdas!G9*Tracado_Perdas!D9 | D9: =C9*B9 | E9: =-Tracado_Perdas!AB9*Tracado_Perdas!G9*Tracado_Perdas!D9 | F9: =E9*B9 | G9: =-$H$3*B9 | H9: =-$H$4*B9
A10: =Tracado_Perdas!B10 | B10: =IF(A10<=Dados!$C$5,A10/2,(2*Dados!$C$5-A10)/2) | C10: =-Tracado_Perdas!S10*Tracado_Perdas!G10*Tracado_Perdas!D10 | D10: =C10*B10 | E10: =-Tracado_Perdas!AB10*Tracado_Perdas!G10*Tracado_Perdas!D10 | F10: =E10*B10 | G10: =-$H$3*B10 | H10: =-$H$4*B10
A11: =Tracado_Perdas!B11 | B11: =IF(A11<=Dados!$C$5,A11/2,(2*Dados!$C$5-A11)/2) | C11: =-Tracado_Perdas!S11*Tracado_Perdas!G11*Tracado_Perdas!D11 | D11: =C11*B11 | E11: =-Tracado_Perdas!AB11*Tracado_Perdas!G11*Tracado_Perdas!D11 | F11: =E11*B11 | G11: =-$H$3*B11 | H11: =-$H$4*B11
A12: =Tracado_Perdas!B12 | B12: =IF(A12<=Dados!$C$5,A12/2,(2*Dados!$C$5-A12)/2) | C12: =-Tracado_Perdas!S12*Tracado_Perdas!G12*Tracado_Perdas!D12 | D12: =C12*B12 | E12: =-Tracado_Perdas!AB12*Tracado_Perdas!G12*Tracado_Perdas!D12 | F12: =E12*B12 | G12: =-$H$3*B12 | H12: =-$H$4*B12
A13: =Tracado_Perdas!B13 | B13: =IF(A13<=Dados!$C$5,A13/2,(2*Dados!$C$5-A13)/2) | C13: =-Tracado_Perdas!S13*Tracado_Perdas!G13*Tracado_Perdas!D13 | D13: =C13*B13 | E13: =-Tracado_Perdas!AB13*Tracado_Perdas!G13*Tracado_Perdas!D13 | F13: =E13*B13 | G13: =-$H$3*B13 | H13: =-$H$4*B13
A14: =Tracado_Perdas!B14 | B14: =IF(A14<=Dados!$C$5,A14/2,(2*Dados!$C$5-A14)/2) | C14: =-Tracado_Perdas!S14*Tracado_Perdas!G14*Tracado_Perdas!D14 | D14: =C14*B14 | E14: =-Tracado_Perdas!AB14*Tracado_Perdas!G14*Tracado_Perdas!D14 | F14: =E14*B14 | G14: =-$H$3*B14 | H14: =-$H$4*B14
A15: =Tracado_Perdas!B15 | B15: =IF(A15<=Dados!$C$5,A15/2,(2*Dados!$C$5-A15)/2) | C15: =-Tracado_Perdas!S15*Tracado_Perdas!G15*Tracado_Perdas!D15 | D15: =C15*B15 | E15: =-Tracado_Perdas!AB15*Tracado_Perdas!G15*Tracado_Perdas!D15 | F15: =E15*B15 | G15: =-$H$3*B15 | H15: =-$H$4*B15
A16: =Tracado_Perdas!B16 | B16: =IF(A16<=Dados!$C$5,A16/2,(2*Dados!$C$5-A16)/2) | C16: =-Tracado_Perdas!S16*Tracado_Perdas!G16*Tracado_Perdas!D16 | D16: =C16*B16 | E16: =-Tracado_Perdas!AB16*Tracado_Perdas!G16*Tracado_Perdas!D16 | F16: =E16*B16 | G16: =-$H$3*B16 | H16: =-$H$4*B16
A17: =Tracado_Perdas!B17 | B17: =IF(A17<=Dados!$C$5,A17/2,(2*Dados!$C$5-A17)/2) | C17: =-Tracado_Perdas!S17*Tracado_Perdas!G17*Tracado_Perdas!D17 | D17: =C17*B17 | E17: =-Tracado_Perdas!AB17*Tracado_Perdas!G17*Tracado_Perdas!D17 | F17: =E17*B17 | G17: =-$H$3*B17 | H17: =-$H$4*B17
A18: =Tracado_Perdas!B18 | B18: =IF(A18<=Dados!$C$5,A18/2,(2*Dados!$C$5-A18)/2) | C18: =-Tracado_Perdas!S18*Tracado_Perdas!G18*Tracado_Perdas!D18 | D18: =C18*B18 | E18: =-Tracado_Perdas!AB18*Tracado_Perdas!G18*Tracado_Perdas!D18 | F18: =E18*B18 | G18: =-$H$3*B18 | H18: =-$H$4*B18
A19: =Tracado_Perdas!B19 | B19: =IF(A19<=Dados!$C$5,A19/2,(2*Dados!$C$5-A19)/2) | C19: =-Tracado_Perdas!S19*Tracado_Perdas!G19*Tracado_Perdas!D19 | D19: =C19*B19 | E19: =-Tracado_Perdas!AB19*Tracado_Perdas!G19*Tracado_Perdas!D19 | F19: =E19*B19 | G19: =-$H$3*B19 | H19: =-$H$4*B19
... A48: =Tracado_Perdas!B48 | B48: =IF(A48<=Dados!$C$5,A48/2,(2*Dados!$C$5-A48)/2) | C48: =-Tracado_Perdas!S48*Tracado_Perdas!G48*Tracado_Perdas!D48 | D48: =C48*B48 | E48: =-Tracado_Perdas!AB48*Tracado_Perdas!G48*Tracado_Perdas!D48 | F48: =E48*B48 | G48: =-$H$3*B48 | H48: =-$H$4*B48

Sheet Tensoes
A1: Verificação de tensões normais - ato, ELS-D (CFQ), ELS-F e ELS-CE (CR)
A2: σ1 = fibra inferior; σ2 = fibra superior. Tração positiva (+), compressão negativa (-). Hiperestático incluído nas forças de protensão.
A3: Extremos | K3: MAX | L3: MAX | M3: MAX | N3: MAX | O3: MAX | P3: MAX | Q3: MIN | R3: MIN
K4: =MAX(K8:K48) | L4: =MAX(L8:L48) | M4: =MAX(M8:M48) | N4: =MAX(N8:N48) | O4: =MAX(O8:O48) | P4: =MAX(P8:P48) | Q4: =MIN(Q8:Q48) | R4: =MIN(R8:R48)
J5: ATO compr. mín | K5: =MIN(K8:K48,L8:L48)
A6: x | B6: e | C6: N_i = Pi·cosα | D6: N_∞ = P∞·cosα | E6: M_P,i = M_iso+M_hip | F6: M_P,∞ | G6: σ1p (ato) | H6: σ2p (ato) | I6: σ1p (∞) | J6: σ2p (∞) | K6: σ1 ATO | L6: σ2 ATO | M6: σ1 CFQ (ELS-D) | N6: σ2 CFQ (ELS-D) | O6: σ1 CR (ELS-F) | P6: σ2 CR (ELS-F) | Q6: σ2 CR (ELS-CE, M+) | R6: σ1 CR (ELS-CE, M-) | S6: Ato | T6: ELS-D | U6: ELS-F | V6: ELS-CE | W6: As,ato (σs=250 MPa)
A7: m | B7: m | C7: kN | D7: kN | E7: kN·m | F7: kN·m | G7: MPa | H7: MPa | I7: MPa | J7: MPa | K7: MPa | L7: MPa | M7: MPa | N7: MPa | O7: MPa | P7: MPa | Q7: MPa | R7: MPa | W7: cm²
A8: =Tracado_Perdas!B8 | B8: =Tracado_Perdas!D8 | C8: =Tracado_Perdas!S8*Tracado_Perdas!G8 | D8: =Tracado_Perdas!AB8*Tracado_Perdas!G8 | E8: =Hiperestatico!C8+Hiperestatico!G8 | F8: =Hiperestatico!E8+Hiperestatico!H8 | G8: =-C8/Dados!$C$8/1000+E8/Dados!$C$10/1000 | H8: =-C8/Dados!$C$8/1000-E8/Dados!$C$10/1000 | I8: =-D8/Dados!$C$8/1000+F8/Dados!$C$10/1000 | J8: =-D8/Dados!$C$8/1000-F8/Dados!$C$10/1000 | K8: =G8+Esforcos!D8/Dados!$C$10/1000 | L8: =H8-Esforcos!D8/Dados!$C$10/1000 | M8: =I8+Esforcos!H8/Dados!$C$10/1000 | N8: =J8-Esforcos!I8/Dados!$C$10/1000 | O8: =I8+Esforcos!J8/Dados!$C$10/1000 | P8: =J8-Esforcos!K8/Dados!$C$10/1000 | Q8: =J8-Esforcos!J8/Dados!$C$10/1000 | R8: =I8+Esforcos!K8/Dados!$C$10/1000 | S8: =IF(AND(K8<=Dados!$C$26,L8<=Dados!$C$26,K8>=-Dados!$C$27,L8>=-Dados!$C$27),"OK","ARMAR") | T8: =IF(AND(M8<=0,N8<=0),"OK","NÃO") | U8: =IF(AND(O8<=Dados!$C$25,P8<=Dados!$C$25),"OK","NÃO") | V8: =IF(AND(Q8>=-Dados!$C$28,R8>=-Dados!$C$28,K8>=-Dados!$C$27),"OK","NÃO") | W8: =MAX(IF(K8>Dados!$C$26,0.5*K8*1000*Dados!$C$6*(Dados!$C$7*K8/(K8-L8))/250000*10000,0),IF(L8>Dados!$C$26,0.5*L8*1000*Dados!$C$6*(Dados!$C$7*L8/(L8-K8))/250000*10000,0))
A9: =Tracado_Perdas!B9 | B9: =Tracado_Perdas!D9 | C9: =Tracado_Perdas!S9*Tracado_Perdas!G9 | D9: =Tracado_Perdas!AB9*Tracado_Perdas!G9 | E9: =Hiperestatico!C9+Hiperestatico!G9 | F9: =Hiperestatico!E9+Hiperestatico!H9 | G9: =-C9/Dados!$C$8/1000+E9/Dados!$C$10/1000 | H9: =-C9/Dados!$C$8/1000-E9/Dados!$C$10/1000 | I9: =-D9/Dados!$C$8/1000+F9/Dados!$C$10/1000 | J9: =-D9/Dados!$C$8/1000-F9/Dados!$C$10/1000 | K9: =G9+Esforcos!D9/Dados!$C$10/1000 | L9: =H9-Esforcos!D9/Dados!$C$10/1000 | M9: =I9+Esforcos!H9/Dados!$C$10/1000 | N9: =J9-Esforcos!I9/Dados!$C$10/1000 | O9: =I9+Esforcos!J9/Dados!$C$10/1000 | P9: =J9-Esforcos!K9/Dados!$C$10/1000 | Q9: =J9-Esforcos!J9/Dados!$C$10/1000 | R9: =I9+Esforcos!K9/Dados!$C$10/1000 | S9: =IF(AND(K9<=Dados!$C$26,L9<=Dados!$C$26,K9>=-Dados!$C$27,L9>=-Dados!$C$27),"OK","ARMAR") | T9: =IF(AND(M9<=0,N9<=0),"OK","NÃO") | U9: =IF(AND(O9<=Dados!$C$25,P9<=Dados!$C$25),"OK","NÃO") | V9: =IF(AND(Q9>=-Dados!$C$28,R9>=-Dados!$C$28,K9>=-Dados!$C$27),"OK","NÃO") | W9: =MAX(IF(K9>Dados!$C$26,0.5*K9*1000*Dados!$C$6*(Dados!$C$7*K9/(K9-L9))/250000*10000,0),IF(L9>Dados!$C$26,0.5*L9*1000*Dados!$C$6*(Dados!$C$7*L9/(L9-K9))/250000*10000,0))
A10: =Tracado_Perdas!B10 | B10: =Tracado_Perdas!D10 | C10: =Tracado_Perdas!S10*Tracado_Perdas!G10 | D10: =Tracado_Perdas!AB10*Tracado_Perdas!G10 | E10: =Hiperestatico!C10+Hiperestatico!G10 | F10: =Hiperestatico!E10+Hiperestatico!H10 | G10: =-C10/Dados!$C$8/1000+E10/Dados!$C$10/1000 | H10: =-C10/Dados!$C$8/1000-E10/Dados!$C$10/1000 | I10: =-D10/Dados!$C$8/1000+F10/Dados!$C$10/1000 | J10: =-D10/Dados!$C$8/1000-F10/Dados!$C$10/1000 | K10: =G10+Esforcos!D10/Dados!$C$10/1000 | L10: =H10-Esforcos!D10/Dados!$C$10/1000 | M10: =I10+Esforcos!H10/Dados!$C$10/1000 | N10: =J10-Esforcos!I10/Dados!$C$10/1000 | O10: =I10+Esforcos!J10/Dados!$C$10/1000 | P10: =J10-Esforcos!K10/Dados!$C$10/1000 | Q10: =J10-Esforcos!J10/Dados!$C$10/1000 | R10: =I10+Esforcos!K10/Dados!$C$10/1000 | S10: =IF(AND(K10<=Dados!$C$26,L10<=Dados!$C$26,K10>=-Dados!$C$27,L10>=-Dados!$C$27),"OK","ARMAR") | T10: =IF(AND(M10<=0,N10<=0),"OK","NÃO") | U10: =IF(AND(O10<=Dados!$C$25,P10<=Dados!$C$25),"OK","NÃO") | V10: =IF(AND(Q10>=-Dados!$C$28,R10>=-Dados!$C$28,K10>=-Dados!$C$27),"OK","NÃO") | W10: =MAX(IF(K10>Dados!$C$26,0.5*K10*1000*Dados!$C$6*(Dados!$C$7*K10/(K10-L10))/250000*10000,0),IF(L10>Dados!$C$26,0.5*L10*1000*Dados!$C$6*(Dados!$C$7*L10/(L10-K10))/250000*10000,0))
A11: =Tracado_Perdas!B11 | B11: =Tracado_Perdas!D11 | C11: =Tracado_Perdas!S11*Tracado_Perdas!G11 | D11: =Tracado_Perdas!AB11*Tracado_Perdas!G11 | E11: =Hiperestatico!C11+Hiperestatico!G11 | F11: =Hiperestatico!E11+Hiperestatico!H11 | G11: =-C11/Dados!$C$8/1000+E11/Dados!$C$10/1000 | H11: =-C11/Dados!$C$8/1000-E11/Dados!$C$10/1000 | I11: =-D11/Dados!$C$8/1000+F11/Dados!$C$10/1000 | J11: =-D11/Dados!$C$8/1000-F11/Dados!$C$10/1000 | K11: =G11+Esforcos!D11/Dados!$C$10/1000 | L11: =H11-Esforcos!D11/Dados!$C$10/1000 | M11: =I11+Esforcos!H11/Dados!$C$10/1000 | N11: =J11-Esforcos!I11/Dados!$C$10/1000 | O11: =I11+Esforcos!J11/Dados!$C$10/1000 | P11: =J11-Esforcos!K11/Dados!$C$10/1000 | Q11: =J11-Esforcos!J11/Dados!$C$10/1000 | R11: =I11+Esforcos!K11/Dados!$C$10/1000 | S11: =IF(AND(K11<=Dados!$C$26,L11<=Dados!$C$26,K11>=-Dados!$C$27,L11>=-Dados!$C$27),"OK","ARMAR") | T11: =IF(AND(M11<=0,N11<=0),"OK","NÃO") | U11: =IF(AND(O11<=Dados!$C$25,P11<=Dados!$C$25),"OK","NÃO") | V11: =IF(AND(Q11>=-Dados!$C$28,R11>=-Dados!$C$28,K11>=-Dados!$C$27),"OK","NÃO") | W11: =MAX(IF(K11>Dados!$C$26,0.5*K11*1000*Dados!$C$6*(Dados!$C$7*K11/(K11-L11))/250000*10000,0),IF(L11>Dados!$C$26,0.5*L11*1000*Dados!$C$6*(Dados!$C$7*L11/(L11-K11))/250000*10000,0))
A12: =Tracado_Perdas!B12 | B12: =Tracado_Perdas!D12 | C12: =Tracado_Perdas!S12*Tracado_Perdas!G12 | D12: =Tracado_Perdas!AB12*Tracado_Perdas!G12 | E12: =Hiperestatico!C12+Hiperestatico!G12 | F12: =Hiperestatico!E12+Hiperestatico!H12 | G12: =-C12/Dados!$C$8/1000+E12/Dados!$C$10/1000 | H12: =-C12/Dados!$C$8/1000-E12/Dados!$C$10/1000 | I12: =-D12/Dados!$C$8/1000+F12/Dados!$C$10/1000 | J12: =-D12/Dados!$C$8/1000-F12/Dados!$C$10/1000 | K12: =G12+Esforcos!D12/Dados!$C$10/1000 | L12: =H12-Esforcos!D12/Dados!$C$10/1000 | M12: =I12+Esforcos!H12/Dados!$C$10/1000 | N12: =J12-Esforcos!I12/Dados!$C$10/1000 | O12: =I12+Esforcos!J12/Dados!$C$10/1000 | P12: =J12-Esforcos!K12/Dados!$C$10/1000 | Q12: =J12-Esforcos!J12/Dados!$C$10/1000 | R12: =I12+Esforcos!K12/Dados!$C$10/1000 | S12: =IF(AND(K12<=Dados!$C$26,L12<=Dados!$C$26,K12>=-Dados!$C$27,L12>=-Dados!$C$27),"OK","ARMAR") | T12: =IF(AND(M12<=0,N12<=0),"OK","NÃO") | U12: =IF(AND(O12<=Dados!$C$25,P12<=Dados!$C$25),"OK","NÃO") | V12: =IF(AND(Q12>=-Dados!$C$28,R12>=-Dados!$C$28,K12>=-Dados!$C$27),"OK","NÃO") | W12: =MAX(IF(K12>Dados!$C$26,0.5*K12*1000*Dados!$C$6*(Dados!$C$7*K12/(K12-L12))/250000*10000,0),IF(L12>Dados!$C$26,0.5*L12*1000*Dados!$C$6*(Dados!$C$7*L12/(L12-K12))/250000*10000,0))
A13: =Tracado_Perdas!B13 | B13: =Tracado_Perdas!D13 | C13: =Tracado_Perdas!S13*Tracado_Perdas!G13 | D13: =Tracado_Perdas!AB13*Tracado_Perdas!G13 | E13: =Hiperestatico!C13+Hiperestatico!G13 | F13: =Hiperestatico!E13+Hiperestatico!H13 | G13: =-C13/Dados!$C$8/1000+E13/Dados!$C$10/1000 | H13: =-C13/Dados!$C$8/1000-E13/Dados!$C$10/1000 | I13: =-D13/Dados!$C$8/1000+F13/Dados!$C$10/1000 | J13: =-D13/Dados!$C$8/1000-F13/Dados!$C$10/1000 | K13: =G13+Esforcos!D13/Dados!$C$10/1000 | L13: =H13-Esforcos!D13/Dados!$C$10/1000 | M13: =I13+Esforcos!H13/Dados!$C$10/1000 | N13: =J13-Esforcos!I13/Dados!$C$10/1000 | O13: =I13+Esforcos!J13/Dados!$C$10/1000 | P13: =J13-Esforcos!K13/Dados!$C$10/1000 | Q13: =J13-Esforcos!J13/Dados!$C$10/1000 | R13: =I13+Esforcos!K13/Dados!$C$10/1000 | S13: =IF(AND(K13<=Dados!$C$26,L13<=Dados!$C$26,K13>=-Dados!$C$27,L13>=-Dados!$C$27),"OK","ARMAR") | T13: =IF(AND(M13<=0,N13<=0),"OK","NÃO") | U13: =IF(AND(O13<=Dados!$C$25,P13<=Dados!$C$25),"OK","NÃO") | V13: =IF(AND(Q13>=-Dados!$C$28,R13>=-Dados!$C$28,K13>=-Dados!$C$27),"OK","NÃO") | W13: =MAX(IF(K13>Dados!$C$26,0.5*K13*1000*Dados!$C$6*(Dados!$C$7*K13/(K13-L13))/250000*10000,0),IF(L13>Dados!$C$26,0.5*L13*1000*Dados!$C$6*(Dados!$C$7*L13/(L13-K13))/250000*10000,0))
A14: =Tracado_Perdas!B14 | B14: =Tracado_Perdas!D14 | C14: =Tracado_Perdas!S14*Tracado_Perdas!G14 | D14: =Tracado_Perdas!AB14*Tracado_Perdas!G14 | E14: =Hiperestatico!C14+Hiperestatico!G14 | F14: =Hiperestatico!E14+Hiperestatico!H14 | G14: =-C14/Dados!$C$8/1000+E14/Dados!$C$10/1000 | H14: =-C14/Dados!$C$8/1000-E14/Dados!$C$10/1000 | I14: =-D14/Dados!$C$8/1000+F14/Dados!$C$10/1000 | J14: =-D14/Dados!$C$8/1000-F14/Dados!$C$10/1000 | K14: =G14+Esforcos!D14/Dados!$C$10/1000 | L14: =H14-Esforcos!D14/Dados!$C$10/1000 | M14: =I14+Esforcos!H14/Dados!$C$10/1000 | N14: =J14-Esforcos!I14/Dados!$C$10/1000 | O14: =I14+Esforcos!J14/Dados!$C$10/1000 | P14: =J14-Esforcos!K14/Dados!$C$10/1000 | Q14: =J14-Esforcos!J14/Dados!$C$10/1000 | R14: =I14+Esforcos!K14/Dados!$C$10/1000 | S14: =IF(AND(K14<=Dados!$C$26,L14<=Dados!$C$26,K14>=-Dados!$C$27,L14>=-Dados!$C$27),"OK","ARMAR") | T14: =IF(AND(M14<=0,N14<=0),"OK","NÃO") | U14: =IF(AND(O14<=Dados!$C$25,P14<=Dados!$C$25),"OK","NÃO") | V14: =IF(AND(Q14>=-Dados!$C$28,R14>=-Dados!$C$28,K14>=-Dados!$C$27),"OK","NÃO") | W14: =MAX(IF(K14>Dados!$C$26,0.5*K14*1000*Dados!$C$6*(Dados!$C$7*K14/(K14-L14))/250000*10000,0),IF(L14>Dados!$C$26,0.5*L14*1000*Dados!$C$6*(Dados!$C$7*L14/(L14-K14))/250000*10000,0))
A15: =Tracado_Perdas!B15 | B15: =Tracado_Perdas!D15 | C15: =Tracado_Perdas!S15*Tracado_Perdas!G15 | D15: =Tracado_Perdas!AB15*Tracado_Perdas!G15 | E15: =Hiperestatico!C15+Hiperestatico!G15 | F15: =Hiperestatico!E15+Hiperestatico!H15 | G15: =-C15/Dados!$C$8/1000+E15/Dados!$C$10/1000 | H15: =-C15/Dados!$C$8/1000-E15/Dados!$C$10/1000 | I15: =-D15/Dados!$C$8/1000+F15/Dados!$C$10/1000 | J15: =-D15/Dados!$C$8/1000-F15/Dados!$C$10/1000 | K15: =G15+Esforcos!D15/Dados!$C$10/1000 | L15: =H15-Esforcos!D15/Dados!$C$10/1000 | M15: =I15+Esforcos!H15/Dados!$C$10/1000 | N15: =J15-Esforcos!I15/Dados!$C$10/1000 | O15: =I15+Esforcos!J15/Dados!$C$10/1000 | P15: =J15-Esforcos!K15/Dados!$C$10/1000 | Q15: =J15-Esforcos!J15/Dados!$C$10/1000 | R15: =I15+Esforcos!K15/Dados!$C$10/1000 | S15: =IF(AND(K15<=Dados!$C$26,L15<=Dados!$C$26,K15>=-Dados!$C$27,L15>=-Dados!$C$27),"OK","ARMAR") | T15: =IF(AND(M15<=0,N15<=0),"OK","NÃO") | U15: =IF(AND(O15<=Dados!$C$25,P15<=Dados!$C$25),"OK","NÃO") | V15: =IF(AND(Q15>=-Dados!$C$28,R15>=-Dados!$C$28,K15>=-Dados!$C$27),"OK","NÃO") | W15: =MAX(IF(K15>Dados!$C$26,0.5*K15*1000*Dados!$C$6*(Dados!$C$7*K15/(K15-L15))/250000*10000,0),IF(L15>Dados!$C$26,0.5*L15*1000*Dados!$C$6*(Dados!$C$7*L15/(L15-K15))/250000*10000,0))
A16: =Tracado_Perdas!B16 | B16: =Tracado_Perdas!D16 | C16: =Tracado_Perdas!S16*Tracado_Perdas!G16 | D16: =Tracado_Perdas!AB16*Tracado_Perdas!G16 | E16: =Hiperestatico!C16+Hiperestatico!G16 | F16: =Hiperestatico!E16+Hiperestatico!H16 | G16: =-C16/Dados!$C$8/1000+E16/Dados!$C$10/1000 | H16: =-C16/Dados!$C$8/1000-E16/Dados!$C$10/1000 | I16: =-D16/Dados!$C$8/1000+F16/Dados!$C$10/1000 | J16: =-D16/Dados!$C$8/1000-F16/Dados!$C$10/1000 | K16: =G16+Esforcos!D16/Dados!$C$10/1000 | L16: =H16-Esforcos!D16/Dados!$C$10/1000 | M16: =I16+Esforcos!H16/Dados!$C$10/1000 | N16: =J16-Esforcos!I16/Dados!$C$10/1000 | O16: =I16+Esforcos!J16/Dados!$C$10/1000 | P16: =J16-Esforcos!K16/Dados!$C$10/1000 | Q16: =J16-Esforcos!J16/Dados!$C$10/1000 | R16: =I16+Esforcos!K16/Dados!$C$10/1000 | S16: =IF(AND(K16<=Dados!$C$26,L16<=Dados!$C$26,K16>=-Dados!$C$27,L16>=-Dados!$C$27),"OK","ARMAR") | T16: =IF(AND(M16<=0,N16<=0),"OK","NÃO") | U16: =IF(AND(O16<=Dados!$C$25,P16<=Dados!$C$25),"OK","NÃO") | V16: =IF(AND(Q16>=-Dados!$C$28,R16>=-Dados!$C$28,K16>=-Dados!$C$27),"OK","NÃO") | W16: =MAX(IF(K16>Dados!$C$26,0.5*K16*1000*Dados!$C$6*(Dados!$C$7*K16/(K16-L16))/250000*10000,0),IF(L16>Dados!$C$26,0.5*L16*1000*Dados!$C$6*(Dados!$C$7*L16/(L16-K16))/250000*10000,0))
A17: =Tracado_Perdas!B17 | B17: =Tracado_Perdas!D17 | C17: =Tracado_Perdas!S17*Tracado_Perdas!G17 | D17: =Tracado_Perdas!AB17*Tracado_Perdas!G17 | E17: =Hiperestatico!C17+Hiperestatico!G17 | F17: =Hiperestatico!E17+Hiperestatico!H17 | G17: =-C17/Dados!$C$8/1000+E17/Dados!$C$10/1000 | H17: =-C17/Dados!$C$8/1000-E17/Dados!$C$10/1000 | I17: =-D17/Dados!$C$8/1000+F17/Dados!$C$10/1000 | J17: =-D17/Dados!$C$8/1000-F17/Dados!$C$10/1000 | K17: =G17+Esforcos!D17/Dados!$C$10/1000 | L17: =H17-Esforcos!D17/Dados!$C$10/1000 | M17: =I17+Esforcos!H17/Dados!$C$10/1000 | N17: =J17-Esforcos!I17/Dados!$C$10/1000 | O17: =I17+Esforcos!J17/Dados!$C$10/1000 | P17: =J17-Esforcos!K17/Dados!$C$10/1000 | Q17: =J17-Esforcos!J17/Dados!$C$10/1000 | R17: =I17+Esforcos!K17/Dados!$C$10/1000 | S17: =IF(AND(K17<=Dados!$C$26,L17<=Dados!$C$26,K17>=-Dados!$C$27,L17>=-Dados!$C$27),"OK","ARMAR") | T17: =IF(AND(M17<=0,N17<=0),"OK","NÃO") | U17: =IF(AND(O17<=Dados!$C$25,P17<=Dados!$C$25),"OK","NÃO") | V17: =IF(AND(Q17>=-Dados!$C$28,R17>=-Dados!$C$28,K17>=-Dados!$C$27),"OK","NÃO") | W17: =MAX(IF(K17>Dados!$C$26,0.5*K17*1000*Dados!$C$6*(Dados!$C$7*K17/(K17-L17))/250000*10000,0),IF(L17>Dados!$C$26,0.5*L17*1000*Dados!$C$6*(Dados!$C$7*L17/(L17-K17))/250000*10000,0))
A18: =Tracado_Perdas!B18 | B18: =Tracado_Perdas!D18 | C18: =Tracado_Perdas!S18*Tracado_Perdas!G18 | D18: =Tracado_Perdas!AB18*Tracado_Perdas!G18 | E18: =Hiperestatico!C18+Hiperestatico!G18 | F18: =Hiperestatico!E18+Hiperestatico!H18 | G18: =-C18/Dados!$C$8/1000+E18/Dados!$C$10/1000 | H18: =-C18/Dados!$C$8/1000-E18/Dados!$C$10/1000 | I18: =-D18/Dados!$C$8/1000+F18/Dados!$C$10/1000 | J18: =-D18/Dados!$C$8/1000-F18/Dados!$C$10/1000 | K18: =G18+Esforcos!D18/Dados!$C$10/1000 | L18: =H18-Esforcos!D18/Dados!$C$10/1000 | M18: =I18+Esforcos!H18/Dados!$C$10/1000 | N18: =J18-Esforcos!I18/Dados!$C$10/1000 | O18: =I18+Esforcos!J18/Dados!$C$10/1000 | P18: =J18-Esforcos!K18/Dados!$C$10/1000 | Q18: =J18-Esforcos!J18/Dados!$C$10/1000 | R18: =I18+Esforcos!K18/Dados!$C$10/1000 | S18: =IF(AND(K18<=Dados!$C$26,L18<=Dados!$C$26,K18>=-Dados!$C$27,L18>=-Dados!$C$27),"OK","ARMAR") | T18: =IF(AND(M18<=0,N18<=0),"OK","NÃO") | U18: =IF(AND(O18<=Dados!$C$25,P18<=Dados!$C$25),"OK","NÃO") | V18: =IF(AND(Q18>=-Dados!$C$28,R18>=-Dados!$C$28,K18>=-Dados!$C$27),"OK","NÃO") | W18: =MAX(IF(K18>Dados!$C$26,0.5*K18*1000*Dados!$C$6*(Dados!$C$7*K18/(K18-L18))/250000*10000,0),IF(L18>Dados!$C$26,0.5*L18*1000*Dados!$C$6*(Dados!$C$7*L18/(L18-K18))/250000*10000,0))
A19: =Tracado_Perdas!B19 | B19: =Tracado_Perdas!D19 | C19: =Tracado_Perdas!S19*Tracado_Perdas!G19 | D19: =Tracado_Perdas!AB19*Tracado_Perdas!G19 | E19: =Hiperestatico!C19+Hiperestatico!G19 | F19: =Hiperestatico!E19+Hiperestatico!H19 | G19: =-C19/Dados!$C$8/1000+E19/Dados!$C$10/1000 | H19: =-C19/Dados!$C$8/1000-E19/Dados!$C$10/1000 | I19: =-D19/Dados!$C$8/1000+F19/Dados!$C$10/1000 | J19: =-D19/Dados!$C$8/1000-F19/Dados!$C$10/1000 | K19: =G19+Esforcos!D19/Dados!$C$10/1000 | L19: =H19-Esforcos!D19/Dados!$C$10/1000 | M19: =I19+Esforcos!H19/Dados!$C$10/1000 | N19: =J19-Esforcos!I19/Dados!$C$10/1000 | O19: =I19+Esforcos!J19/Dados!$C$10/1000 | P19: =J19-Esforcos!K19/Dados!$C$10/1000 | Q19: =J19-Esforcos!J19/Dados!$C$10/1000 | R19: =I19+Esforcos!K19/Dados!$C$10/1000 | S19: =IF(AND(K19<=Dados!$C$26,L19<=Dados!$C$26,K19>=-Dados!$C$27,L19>=-Dados!$C$27),"OK","ARMAR") | T19: =IF(AND(M19<=0,N19<=0),"OK","NÃO") | U19: =IF(AND(O19<=Dados!$C$25,P19<=Dados!$C$25),"OK","NÃO") | V19: =IF(AND(Q19>=-Dados!$C$28,R19>=-Dados!$C$28,K19>=-Dados!$C$27),"OK","NÃO") | W19: =MAX(IF(K19>Dados!$C$26,0.5*K19*1000*Dados!$C$6*(Dados!$C$7*K19/(K19-L19))/250000*10000,0),IF(L19>Dados!$C$26,0.5*L19*1000*Dados!$C$6*(Dados!$C$7*L19/(L19-K19))/250000*10000,0))
... A48: =Tracado_Perdas!B48 | B48: =Tracado_Perdas!D48 | C48: =Tracado_Perdas!S48*Tracado_Perdas!G48 | D48: =Tracado_Perdas!AB48*Tracado_Perdas!G48 | E48: =Hiperestatico!C48+Hiperestatico!G48 | F48: =Hiperestatico!E48+Hiperestatico!H48 | G48: =-C48/Dados!$C$8/1000+E48/Dados!$C$10/1000 | H48: =-C48/Dados!$C$8/1000-E48/Dados!$C$10/1000 | I48: =-D48/Dados!$C$8/1000+F48/Dados!$C$10/1000 | J48: =-D48/Dados!$C$8/1000-F48/Dados!$C$10/1000 | K48: =G48+Esforcos!D48/Dados!$C$10/1000 | L48: =H48-Esforcos!D48/Dados!$C$10/1000 | M48: =I48+Esforcos!H48/Dados!$C$10/1000 | N48: =J48-Esforcos!I48/Dados!$C$10/1000 | O48: =I48+Esforcos!J48/Dados!$C$10/1000 | P48: =J48-Esforcos!K48/Dados!$C$10/1000 | Q48: =J48-Esforcos!J48/Dados!$C$10/1000 | R48: =I48+Esforcos!K48/Dados!$C$10/1000 | S48: =IF(AND(K48<=Dados!$C$26,L48<=Dados!$C$26,K48>=-Dados!$C$27,L48>=-Dados!$C$27),"OK","ARMAR") | T48: =IF(AND(M48<=0,N48<=0),"OK","NÃO") | U48: =IF(AND(O48<=Dados!$C$25,P48<=Dados!$C$25),"OK","NÃO") | V48: =IF(AND(Q48>=-Dados!$C$28,R48>=-Dados!$C$28,K48>=-Dados!$C$27),"OK","NÃO") | W48: =MAX(IF(K48>Dados!$C$26,0.5*K48*1000*Dados!$C$6*(Dados!$C$7*K48/(K48-L48))/250000*10000,0),IF(L48>Dados!$C$26,0.5*L48*1000*Dados!$C$6*(Dados!$C$7*L48/(L48-K48))/250000*10000,0))

Sheet Fuso
A1: Fuso limite - região admissível da linha de pressões da protensão (e positivo abaixo do CG)
A2: Limites de e_lp (m): ato (Pi, Mg0) e serviço (P∞, CFQ/CR). A linha de pressões e_lp = e - M_hip/N deve permanecer entre os limites. Quando o limite de tração no ato é violado, adota-se armadura passiva (As,ato).
A6: x | B6: e (cabo) | C6: e_lp,∞ = e - M_hip/N | D6: inf: ato tração σ1 | E6: inf: ato compr. σ2 | F6: inf: ELS-D σ1 (CFQ) | G6: inf: ELS-F σ1 (CR) | H6: inf: ELS-CE σ2 (CR) | I6: sup: ato compr. σ1 | J6: sup: ato tração σ2 | K6: sup: ELS-D σ2 (CFQ) | L6: sup: ELS-F σ2 (CR) | M6: sup: ELS-CE σ1 (CR) | N6: Limite inferior do fuso (e mín) | O6: Limite superior do fuso (e máx) | P6: e_lp no fuso? | Q6: Limite de cobrimento
A7: m | B7: m | C7: m | D7: m | E7: m | F7: m | G7: m | H7: m | I7: m | J7: m | K7: m | L7: m | M7: m | N7: m | O7: m | Q7: m
A8: =Tracado_Perdas!B8 | B8: =Tracado_Perdas!D8 | C8: =B8-Hiperestatico!H8/Tensoes!D8 | D8: =(Esforcos!D8-Dados!$C$26*1000*Dados!$C$10)/Tensoes!C8-Dados!$C$11 | E8: =(Esforcos!D8-Dados!$C$27*1000*Dados!$C$10)/Tensoes!C8+Dados!$C$11 | F8: =Esforcos!H8/Tensoes!D8-Dados!$C$11 | G8: =(Esforcos!J8-Dados!$C$25*1000*Dados!$C$10)/Tensoes!D8-Dados!$C$11 | H8: =(Esforcos!J8-Dados!$C$28*1000*Dados!$C$10)/Tensoes!D8+Dados!$C$11 | I8: =(Esforcos!D8+Dados!$C$27*1000*Dados!$C$10)/Tensoes!C8-Dados!$C$11 | J8: =(Esforcos!D8+Dados!$C$26*1000*Dados!$C$10)/Tensoes!C8+Dados!$C$11 | K8: =Esforcos!I8/Tensoes!D8+Dados!$C$11 | L8: =(Dados!$C$25*1000*Dados!$C$10+Esforcos!K8)/Tensoes!D8+Dados!$C$11 | M8: =(Esforcos!K8+Dados!$C$28*1000*Dados!$C$10)/Tensoes!D8-Dados!$C$11 | N8: =MAX(D8:H8) | O8: =MIN(I8:M8) | P8: =IF(AND(C8>=N8,C8<=O8),"SIM",IF(AND(C8>=MAX(F8:H8),C8<=MIN(K8:M8)),"SIM c/ As,ato","NÃO")) | Q8: =Dados!$C$42
A9: =Tracado_Perdas!B9 | B9: =Tracado_Perdas!D9 | C9: =B9-Hiperestatico!H9/Tensoes!D9 | D9: =(Esforcos!D9-Dados!$C$26*1000*Dados!$C$10)/Tensoes!C9-Dados!$C$11 | E9: =(Esforcos!D9-Dados!$C$27*1000*Dados!$C$10)/Tensoes!C9+Dados!$C$11 | F9: =Esforcos!H9/Tensoes!D9-Dados!$C$11 | G9: =(Esforcos!J9-Dados!$C$25*1000*Dados!$C$10)/Tensoes!D9-Dados!$C$11 | H9: =(Esforcos!J9-Dados!$C$28*1000*Dados!$C$10)/Tensoes!D9+Dados!$C$11 | I9: =(Esforcos!D9+Dados!$C$27*1000*Dados!$C$10)/Tensoes!C9-Dados!$C$11 | J9: =(Esforcos!D9+Dados!$C$26*1000*Dados!$C$10)/Tensoes!C9+Dados!$C$11 | K9: =Esforcos!I9/Tensoes!D9+Dados!$C$11 | L9: =(Dados!$C$25*1000*Dados!$C$10+Esforcos!K9)/Tensoes!D9+Dados!$C$11 | M9: =(Esforcos!K9+Dados!$C$28*1000*Dados!$C$10)/Tensoes!D9-Dados!$C$11 | N9: =MAX(D9:H9) | O9: =MIN(I9:M9) | P9: =IF(AND(C9>=N9,C9<=O9),"SIM",IF(AND(C9>=MAX(F9:H9),C9<=MIN(K9:M9)),"SIM c/ As,ato","NÃO")) | Q9: =Dados!$C$42
A10: =Tracado_Perdas!B10 | B10: =Tracado_Perdas!D10 | C10: =B10-Hiperestatico!H10/Tensoes!D10 | D10: =(Esforcos!D10-Dados!$C$26*1000*Dados!$C$10)/Tensoes!C10-Dados!$C$11 | E10: =(Esforcos!D10-Dados!$C$27*1000*Dados!$C$10)/Tensoes!C10+Dados!$C$11 | F10: =Esforcos!H10/Tensoes!D10-Dados!$C$11 | G10: =(Esforcos!J10-Dados!$C$25*1000*Dados!$C$10)/Tensoes!D10-Dados!$C$11 | H10: =(Esforcos!J10-Dados!$C$28*1000*Dados!$C$10)/Tensoes!D10+Dados!$C$11 | I10: =(Esforcos!D10+Dados!$C$27*1000*Dados!$C$10)/Tensoes!C10-Dados!$C$11 | J10: =(Esforcos!D10+Dados!$C$26*1000*Dados!$C$10)/Tensoes!C10+Dados!$C$11 | K10: =Esforcos!I10/Tensoes!D10+Dados!$C$11 | L10: =(Dados!$C$25*1000*Dados!$C$10+Esforcos!K10)/Tensoes!D10+Dados!$C$11 | M10: =(Esforcos!K10+Dados!$C$28*1000*Dados!$C$10)/Tensoes!D10-Dados!$C$11 | N10: =MAX(D10:H10) | O10: =MIN(I10:M10) | P10: =IF(AND(C10>=N10,C10<=O10),"SIM",IF(AND(C10>=MAX(F10:H10),C10<=MIN(K10:M10)),"SIM c/ As,ato","NÃO")) | Q10: =Dados!$C$42
A11: =Tracado_Perdas!B11 | B11: =Tracado_Perdas!D11 | C11: =B11-Hiperestatico!H11/Tensoes!D11 | D11: =(Esforcos!D11-Dados!$C$26*1000*Dados!$C$10)/Tensoes!C11-Dados!$C$11 | E11: =(Esforcos!D11-Dados!$C$27*1000*Dados!$C$10)/Tensoes!C11+Dados!$C$11 | F11: =Esforcos!H11/Tensoes!D11-Dados!$C$11 | G11: =(Esforcos!J11-Dados!$C$25*1000*Dados!$C$10)/Tensoes!D11-Dados!$C$11 | H11: =(Esforcos!J11-Dados!$C$28*1000*Dados!$C$10)/Tensoes!D11+Dados!$C$11 | I11: =(Esforcos!D11+Dados!$C$27*1000*Dados!$C$10)/Tensoes!C11-Dados!$C$11 | J11: =(Esforcos!D11+Dados!$C$26*1000*Dados!$C$10)/Tensoes!C11+Dados!$C$11 | K11: =Esforcos!I11/Tensoes!D11+Dados!$C$11 | L11: =(Dados!$C$25*1000*Dados!$C$10+Esforcos!K11)/Tensoes!D11+Dados!$C$11 | M11: =(Esforcos!K11+Dados!$C$28*1000*Dados!$C$10)/Tensoes!D11-Dados!$C$11 | N11: =MAX(D11:H11) | O11: =MIN(I11:M11) | P11: =IF(AND(C11>=N11,C11<=O11),"SIM",IF(AND(C11>=MAX(F11:H11),C11<=MIN(K11:M11)),"SIM c/ As,ato","NÃO")) | Q11: =Dados!$C$42
A12: =Tracado_Perdas!B12 | B12: =Tracado_Perdas!D12 | C12: =B12-Hiperestatico!H12/Tensoes!D12 | D12: =(Esforcos!D12-Dados!$C$26*1000*Dados!$C$10)/Tensoes!C12-Dados!$C$11 | E12: =(Esforcos!D12-Dados!$C$27*1000*Dados!$C$10)/Tensoes!C12+Dados!$C$11 | F12: =Esforcos!H12/Tensoes!D12-Dados!$C$11 | G12: =(Esforcos!J12-Dados!$C$25*1000*Dados!$C$10)/Tensoes!D12-Dados!$C$11 | H12: =(Esforcos!J12-Dados!$C$28*1000*Dados!$C$10)/Tensoes!D12+Dados!$C$11 | I12: =(Esforcos!D12+Dados!$C$27*1000*Dados!$C$10)/Tensoes!C12-Dados!$C$11 | J12: =(Esforcos!D12+Dados!$C$26*1000*Dados!$C$10)/Tensoes!C12+Dados!$C$11 | K12: =Esforcos!I12/Tensoes!D12+Dados!$C$11 | L12: =(Dados!$C$25*1000*Dados!$C$10+Esforcos!K12)/Tensoes!D12+Dados!$C$11 | M12: =(Esforcos!K12+Dados!$C$28*1000*Dados!$C$10)/Tensoes!D12-Dados!$C$11 | N12: =MAX(D12:H12) | O12: =MIN(I12:M12) | P12: =IF(AND(C12>=N12,C12<=O12),"SIM",IF(AND(C12>=MAX(F12:H12),C12<=MIN(K12:M12)),"SIM c/ As,ato","NÃO")) | Q12: =Dados!$C$42
A13: =Tracado_Perdas!B13 | B13: =Tracado_Perdas!D13 | C13: =B13-Hiperestatico!H13/Tensoes!D13 | D13: =(Esforcos!D13-Dados!$C$26*1000*Dados!$C$10)/Tensoes!C13-Dados!$C$11 | E13: =(Esforcos!D13-Dados!$C$27*1000*Dados!$C$10)/Tensoes!C13+Dados!$C$11 | F13: =Esforcos!H13/Tensoes!D13-Dados!$C$11 | G13: =(Esforcos!J13-Dados!$C$25*1000*Dados!$C$10)/Tensoes!D13-Dados!$C$11 | H13: =(Esforcos!J13-Dados!$C$28*1000*Dados!$C$10)/Tensoes!D13+Dados!$C$11 | I13: =(Esforcos!D13+Dados!$C$27*1000*Dados!$C$10)/Tensoes!C13-Dados!$C$11 | J13: =(Esforcos!D13+Dados!$C$26*1000*Dados!$C$10)/Tensoes!C13+Dados!$C$11 | K13: =Esforcos!I13/Tensoes!D13+Dados!$C$11 | L13: =(Dados!$C$25*1000*Dados!$C$10+Esforcos!K13)/Tensoes!D13+Dados!$C$11 | M13: =(Esforcos!K13+Dados!$C$28*1000*Dados!$C$10)/Tensoes!D13-Dados!$C$11 | N13: =MAX(D13:H13) | O13: =MIN(I13:M13) | P13: =IF(AND(C13>=N13,C13<=O13),"SIM",IF(AND(C13>=MAX(F13:H13),C13<=MIN(K13:M13)),"SIM c/ As,ato","NÃO")) | Q13: =Dados!$C$42
A14: =Tracado_Perdas!B14 | B14: =Tracado_Perdas!D14 | C14: =B14-Hiperestatico!H14/Tensoes!D14 | D14: =(Esforcos!D14-Dados!$C$26*1000*Dados!$C$10)/Tensoes!C14-Dados!$C$11 | E14: =(Esforcos!D14-Dados!$C$27*1000*Dados!$C$10)/Tensoes!C14+Dados!$C$11 | F14: =Esforcos!H14/Tensoes!D14-Dados!$C$11 | G14: =(Esforcos!J14-Dados!$C$25*1000*Dados!$C$10)/Tensoes!D14-Dados!$C$11 | H14: =(Esforcos!J14-Dados!$C$28*1000*Dados!$C$10)/Tensoes!D14+Dados!$C$11 | I14: =(Esforcos!D14+Dados!$C$27*1000*Dados!$C$10)/Tensoes!C14-Dados!$C$11 | J14: =(Esforcos!D14+Dados!$C$26*1000*Dados!$C$10)/Tensoes!C14+Dados!$C$11 | K14: =Esforcos!I14/Tensoes!D14+Dados!$C$11 | L14: =(Dados!$C$25*1000*Dados!$C$10+Esforcos!K14)/Tensoes!D14+Dados!$C$11 | M14: =(Esforcos!K14+Dados!$C$28*1000*Dados!$C$10)/Tensoes!D14-Dados!$C$11 | N14: =MAX(D14:H14) | O14: =MIN(I14:M14) | P14: =IF(AND(C14>=N14,C14<=O14),"SIM",IF(AND(C14>=MAX(F14:H14),C14<=MIN(K14:M14)),"SIM c/ As,ato","NÃO")) | Q14: =Dados!$C$42
A15: =Tracado_Perdas!B15 | B15: =Tracado_Perdas!D15 | C15: =B15-Hiperestatico!H15/Tensoes!D15 | D15: =(Esforcos!D15-Dados!$C$26*1000*Dados!$C$10)/Tensoes!C15-Dados!$C$11 | E15: =(Esforcos!D15-Dados!$C$27*1000*Dados!$C$10)/Tensoes!C15+Dados!$C$11 | F15: =Esforcos!H15/Tensoes!D15-Dados!$C$11 | G15: =(Esforcos!J15-Dados!$C$25*1000*Dados!$C$10)/Tensoes!D15-Dados!$C$11 | H15: =(Esforcos!J15-Dados!$C$28*1000*Dados!$C$10)/Tensoes!D15+Dados!$C$11 | I15: =(Esforcos!D15+Dados!$C$27*1000*Dados!$C$10)/Tensoes!C15-Dados!$C$11 | J15: =(Esforcos!D15+Dados!$C$26*1000*Dados!$C$10)/Tensoes!C15+Dados!$C$11 | K15: =Esforcos!I15/Tensoes!D15+Dados!$C$11 | L15: =(Dados!$C$25*1000*Dados!$C$10+Esforcos!K15)/Tensoes!D15+Dados!$C$11 | M15: =(Esforcos!K15+Dados!$C$28*1000*Dados!$C$10)/Tensoes!D15-Dados!$C$11 | N15: =MAX(D15:H15) | O15: =MIN(I15:M15) | P15: =IF(AND(C15>=N15,C15<=O15),"SIM",IF(AND(C15>=MAX(F15:H15),C15<=MIN(K15:M15)),"SIM c/ As,ato","NÃO")) | Q15: =Dados!$C$42
A16: =Tracado_Perdas!B16 | B16: =Tracado_Perdas!D16 | C16: =B16-Hiperestatico!H16/Tensoes!D16 | D16: =(Esforcos!D16-Dados!$C$26*1000*Dados!$C$10)/Tensoes!C16-Dados!$C$11 | E16: =(Esforcos!D16-Dados!$C$27*1000*Dados!$C$10)/Tensoes!C16+Dados!$C$11 | F16: =Esforcos!H16/Tensoes!D16-Dados!$C$11 | G16: =(Esforcos!J16-Dados!$C$25*1000*Dados!$C$10)/Tensoes!D16-Dados!$C$11 | H16: =(Esforcos!J16-Dados!$C$28*1000*Dados!$C$10)/Tensoes!D16+Dados!$C$11 | I16: =(Esforcos!D16+Dados!$C$27*1000*Dados!$C$10)/Tensoes!C16-Dados!$C$11 | J16: =(Esforcos!D16+Dados!$C$26*1000*Dados!$C$10)/Tensoes!C16+Dados!$C$11 | K16: =Esforcos!I16/Tensoes!D16+Dados!$C$11 | L16: =(Dados!$C$25*1000*Dados!$C$10+Esforcos!K16)/Tensoes!D16+Dados!$C$11 | M16: =(Esforcos!K16+Dados!$C$28*1000*Dados!$C$10)/Tensoes!D16-Dados!$C$11 | N16: =MAX(D16:H16) | O16: =MIN(I16:M16) | P16: =IF(AND(C16>=N16,C16<=O16),"SIM",IF(AND(C16>=MAX(F16:H16),C16<=MIN(K16:M16)),"SIM c/ As,ato","NÃO")) | Q16: =Dados!$C$42
A17: =Tracado_Perdas!B17 | B17: =Tracado_Perdas!D17 | C17: =B17-Hiperestatico!H17/Tensoes!D17 | D17: =(Esforcos!D17-Dados!$C$26*1000*Dados!$C$10)/Tensoes!C17-Dados!$C$11 | E17: =(Esforcos!D17-Dados!$C$27*1000*Dados!$C$10)/Tensoes!C17+Dados!$C$11 | F17: =Esforcos!H17/Tensoes!D17-Dados!$C$11 | G17: =(Esforcos!J17-Dados!$C$25*1000*Dados!$C$10)/Tensoes!D17-Dados!$C$11 | H17: =(Esforcos!J17-Dados!$C$28*1000*Dados!$C$10)/Tensoes!D17+Dados!$C$11 | I17: =(Esforcos!D17+Dados!$C$27*1000*Dados!$C$10)/Tensoes!C17-Dados!$C$11 | J17: =(Esforcos!D17+Dados!$C$26*1000*Dados!$C$10)/Tensoes!C17+Dados!$C$11 | K17: =Esforcos!I17/Tensoes!D17+Dados!$C$11 | L17: =(Dados!$C$25*1000*Dados!$C$10+Esforcos!K17)/Tensoes!D17+Dados!$C$11 | M17: =(Esforcos!K17+Dados!$C$28*1000*Dados!$C$10)/Tensoes!D17-Dados!$C$11 | N17: =MAX(D17:H17) | O17: =MIN(I17:M17) | P17: =IF(AND(C17>=N17,C17<=O17),"SIM",IF(AND(C17>=MAX(F17:H17),C17<=MIN(K17:M17)),"SIM c/ As,ato","NÃO")) | Q17: =Dados!$C$42
A18: =Tracado_Perdas!B18 | B18: =Tracado_Perdas!D18 | C18: =B18-Hiperestatico!H18/Tensoes!D18 | D18: =(Esforcos!D18-Dados!$C$26*1000*Dados!$C$10)/Tensoes!C18-Dados!$C$11 | E18: =(Esforcos!D18-Dados!$C$27*1000*Dados!$C$10)/Tensoes!C18+Dados!$C$11 | F18: =Esforcos!H18/Tensoes!D18-Dados!$C$11 | G18: =(Esforcos!J18-Dados!$C$25*1000*Dados!$C$10)/Tensoes!D18-Dados!$C$11 | H18: =(Esforcos!J18-Dados!$C$28*1000*Dados!$C$10)/Tensoes!D18+Dados!$C$11 | I18: =(Esforcos!D18+Dados!$C$27*1000*Dados!$C$10)/Tensoes!C18-Dados!$C$11 | J18: =(Esforcos!D18+Dados!$C$26*1000*Dados!$C$10)/Tensoes!C18+Dados!$C$11 | K18: =Esforcos!I18/Tensoes!D18+Dados!$C$11 | L18: =(Dados!$C$25*1000*Dados!$C$10+Esforcos!K18)/Tensoes!D18+Dados!$C$11 | M18: =(Esforcos!K18+Dados!$C$28*1000*Dados!$C$10)/Tensoes!D18-Dados!$C$11 | N18: =MAX(D18:H18) | O18: =MIN(I18:M18) | P18: =IF(AND(C18>=N18,C18<=O18),"SIM",IF(AND(C18>=MAX(F18:H18),C18<=MIN(K18:M18)),"SIM c/ As,ato","NÃO")) | Q18: =Dados!$C$42
A19: =Tracado_Perdas!B19 | B19: =Tracado_Perdas!D19 | C19: =B19-Hiperestatico!H19/Tensoes!D19 | D19: =(Esforcos!D19-Dados!$C$26*1000*Dados!$C$10)/Tensoes!C19-Dados!$C$11 | E19: =(Esforcos!D19-Dados!$C$27*1000*Dados!$C$10)/Tensoes!C19+Dados!$C$11 | F19: =Esforcos!H19/Tensoes!D19-Dados!$C$11 | G19: =(Esforcos!J19-Dados!$C$25*1000*Dados!$C$10)/Tensoes!D19-Dados!$C$11 | H19: =(Esforcos!J19-Dados!$C$28*1000*Dados!$C$10)/Tensoes!D19+Dados!$C$11 | I19: =(Esforcos!D19+Dados!$C$27*1000*Dados!$C$10)/Tensoes!C19-Dados!$C$11 | J19: =(Esforcos!D19+Dados!$C$26*1000*Dados!$C$10)/Tensoes!C19+Dados!$C$11 | K19: =Esforcos!I19/Tensoes!D19+Dados!$C$11 | L19: =(Dados!$C$25*1000*Dados!$C$10+Esforcos!K19)/Tensoes!D19+Dados!$C$11 | M19: =(Esforcos!K19+Dados!$C$28*1000*Dados!$C$10)/Tensoes!D19-Dados!$C$11 | N19: =MAX(D19:H19) | O19: =MIN(I19:M19) | P19: =IF(AND(C19>=N19,C19<=O19),"SIM",IF(AND(C19>=MAX(F19:H19),C19<=MIN(K19:M19)),"SIM c/ As,ato","NÃO")) | Q19: =Dados!$C$42
... A48: =Tracado_Perdas!B48 | B48: =Tracado_Perdas!D48 | C48: =B48-Hiperestatico!H48/Tensoes!D48 | D48: =(Esforcos!D48-Dados!$C$26*1000*Dados!$C$10)/Tensoes!C48-Dados!$C$11 | E48: =(Esforcos!D48-Dados!$C$27*1000*Dados!$C$10)/Tensoes!C48+Dados!$C$11 | F48: =Esforcos!H48/Tensoes!D48-Dados!$C$11 | G48: =(Esforcos!J48-Dados!$C$25*1000*Dados!$C$10)/Tensoes!D48-Dados!$C$11 | H48: =(Esforcos!J48-Dados!$C$28*1000*Dados!$C$10)/Tensoes!D48+Dados!$C$11 | I48: =(Esforcos!D48+Dados!$C$27*1000*Dados!$C$10)/Tensoes!C48-Dados!$C$11 | J48: =(Esforcos!D48+Dados!$C$26*1000*Dados!$C$10)/Tensoes!C48+Dados!$C$11 | K48: =Esforcos!I48/Tensoes!D48+Dados!$C$11 | L48: =(Dados!$C$25*1000*Dados!$C$10+Esforcos!K48)/Tensoes!D48+Dados!$C$11 | M48: =(Esforcos!K48+Dados!$C$28*1000*Dados!$C$10)/Tensoes!D48-Dados!$C$11 | N48: =MAX(D48:H48) | O48: =MIN(I48:M48) | P48: =IF(AND(C48>=N48,C48<=O48),"SIM",IF(AND(C48>=MAX(F48:H48),C48<=MIN(K48:M48)),"SIM c/ As,ato","NÃO")) | Q48: =Dados!$C$42

Sheet Cortante
A1: Força cortante - protensão (Vp), combinações NBR 6118 e estribos (Modelo I)
A2: Metodologia da aula "Força cortante" (Vp = -P·senα; Vsd = 0,9Vp+1,4Vg(+1,4Vq) ou 1,2Vp+1,0Vg(+1,4Vq); β = 1+M0/Msd; τc,cor = β·τc). Estribos por ramo (2 ramos).
A6: x | B6: Vp,iso = -P∞·senα | C6: V_hip | D6: Vp total | E6: Vg | F6: Vq+ | G6: Vq- | H6: C1 0,9Vp+1,4Vg | I6: C2 +1,4Vq+ | J6: C2b +1,4Vq- | K6: C3 1,2Vp+1,0Vg | L6: C4 +1,4Vq+ | M6: C4b +1,4Vq- | N6: Vsd = máx |C| | O6: Msd+ = 1,4(Mg+Mq+) | P6: Msd- = 1,4(Mg+Mq-) | Q6: |Msd| | R6: |Msd| (máx. entre seções adjacentes) | S6: M0 (descompressão, γp=0,9) | T6: β = 1+M0/Msd ≤ 2 | U6: τc,cor = β·τc | V6: τwd = Vsd/(bw,red·d) | W6: τd = (τwd-τc,cor)/0,9 | X6: asw/n (por ramo) | Y6: asw,mín/n | Z6: asw,calc/n | AA6: VRd2 = τu·bw,red·d | AB6: Vsd ≤ VRd2?
A7: m | B7: kN | C7: kN | D7: kN | E7: kN | F7: kN | G7: kN | H7: kN | I7: kN | J7: kN | K7: kN | L7: kN | M7: kN | N7: kN | O7: kN·m | P7: kN·m | Q7: kN·m | R7: kN·m | S7: kN·m | U7: MPa | V7: MPa | W7: MPa | X7: cm²/m | Y7: cm²/m | Z7: cm²/m | AA7: kN
A8: =Tracado_Perdas!B8 | B8: =-Tracado_Perdas!AB8*Tracado_Perdas!H8 | C8: =IF(A8<=Dados!$C$5,-Hiperestatico!$H$4/2,Hiperestatico!$H$4/2) | D8: =B8+C8 | E8: =Esforcos!L8 | F8: =Esforcos!M8 | G8: =Esforcos!N8 | H8: =0.9*D8+1.4*E8 | I8: =0.9*D8+1.4*E8+1.4*F8 | J8: =0.9*D8+1.4*E8+1.4*G8 | K8: =1.2*D8+E8 | L8: =1.2*D8+E8+1.4*F8 | M8: =1.2*D8+E8+1.4*G8 | N8: =MAX(ABS(H8),ABS(I8),ABS(J8),ABS(K8),ABS(L8),ABS(M8)) | O8: =1.4*Esforcos!J8 | P8: =1.4*Esforcos!K8 | Q8: =MAX(ABS(O8),ABS(P8)) | R8: =MAX(Q8,Q9) | S8: =IF(ABS(O8)>=ABS(P8),0.9*(Tensoes!D8*Dados!$C$11-Tensoes!F8),0.9*(Tensoes!D8*Dados!$C$11+Tensoes!F8)) | T8: =MIN(1+S8/MAX(R8,0.000001),2) | U8: =T8*Dados!$C$88 | V8: =N8/(Dados!$C$91*Dados!$C$87)/1000 | W8: =(V8-U8)/0.9 | X8: =MAX(W8,0)/(Dados!$C$84/Dados!$C$62)*Dados!$C$91*10000/2 | Y8: =Dados!$C$90*Dados!$C$6*10000/2 | Z8: =MAX(X8,Y8) | AA8: =Dados!$C$89*1000*Dados!$C$91*Dados!$C$87 | AB8: =IF(N8<=AA8,"OK","NÃO")
A9: =Tracado_Perdas!B9 | B9: =-Tracado_Perdas!AB9*Tracado_Perdas!H9 | C9: =IF(A9<=Dados!$C$5,-Hiperestatico!$H$4/2,Hiperestatico!$H$4/2) | D9: =B9+C9 | E9: =Esforcos!L9 | F9: =Esforcos!M9 | G9: =Esforcos!N9 | H9: =0.9*D9+1.4*E9 | I9: =0.9*D9+1.4*E9+1.4*F9 | J9: =0.9*D9+1.4*E9+1.4*G9 | K9: =1.2*D9+E9 | L9: =1.2*D9+E9+1.4*F9 | M9: =1.2*D9+E9+1.4*G9 | N9: =MAX(ABS(H9),ABS(I9),ABS(J9),ABS(K9),ABS(L9),ABS(M9)) | O9: =1.4*Esforcos!J9 | P9: =1.4*Esforcos!K9 | Q9: =MAX(ABS(O9),ABS(P9)) | R9: =MAX(Q9,Q8,Q10) | S9: =IF(ABS(O9)>=ABS(P9),0.9*(Tensoes!D9*Dados!$C$11-Tensoes!F9),0.9*(Tensoes!D9*Dados!$C$11+Tensoes!F9)) | T9: =MIN(1+S9/MAX(R9,0.000001),2) | U9: =T9*Dados!$C$88 | V9: =N9/(Dados!$C$91*Dados!$C$87)/1000 | W9: =(V9-U9)/0.9 | X9: =MAX(W9,0)/(Dados!$C$84/Dados!$C$62)*Dados!$C$91*10000/2 | Y9: =Dados!$C$90*Dados!$C$6*10000/2 | Z9: =MAX(X9,Y9) | AA9: =Dados!$C$89*1000*Dados!$C$91*Dados!$C$87 | AB9: =IF(N9<=AA9,"OK","NÃO")
A10: =Tracado_Perdas!B10 | B10: =-Tracado_Perdas!AB10*Tracado_Perdas!H10 | C10: =IF(A10<=Dados!$C$5,-Hiperestatico!$H$4/2,Hiperestatico!$H$4/2) | D10: =B10+C10 | E10: =Esforcos!L10 | F10: =Esforcos!M10 | G10: =Esforcos!N10 | H10: =0.9*D10+1.4*E10 | I10: =0.9*D10+1.4*E10+1.4*F10 | J10: =0.9*D10+1.4*E10+1.4*G10 | K10: =1.2*D10+E10 | L10: =1.2*D10+E10+1.4*F10 | M10: =1.2*D10+E10+1.4*G10 | N10: =MAX(ABS(H10),ABS(I10),ABS(J10),ABS(K10),ABS(L10),ABS(M10)) | O10: =1.4*Esforcos!J10 | P10: =1.4*Esforcos!K10 | Q10: =MAX(ABS(O10),ABS(P10)) | R10: =MAX(Q10,Q9,Q11) | S10: =IF(ABS(O10)>=ABS(P10),0.9*(Tensoes!D10*Dados!$C$11-Tensoes!F10),0.9*(Tensoes!D10*Dados!$C$11+Tensoes!F10)) | T10: =MIN(1+S10/MAX(R10,0.000001),2) | U10: =T10*Dados!$C$88 | V10: =N10/(Dados!$C$91*Dados!$C$87)/1000 | W10: =(V10-U10)/0.9 | X10: =MAX(W10,0)/(Dados!$C$84/Dados!$C$62)*Dados!$C$91*10000/2 | Y10: =Dados!$C$90*Dados!$C$6*10000/2 | Z10: =MAX(X10,Y10) | AA10: =Dados!$C$89*1000*Dados!$C$91*Dados!$C$87 | AB10: =IF(N10<=AA10,"OK","NÃO")
A11: =Tracado_Perdas!B11 | B11: =-Tracado_Perdas!AB11*Tracado_Perdas!H11 | C11: =IF(A11<=Dados!$C$5,-Hiperestatico!$H$4/2,Hiperestatico!$H$4/2) | D11: =B11+C11 | E11: =Esforcos!L11 | F11: =Esforcos!M11 | G11: =Esforcos!N11 | H11: =0.9*D11+1.4*E11 | I11: =0.9*D11+1.4*E11+1.4*F11 | J11: =0.9*D11+1.4*E11+1.4*G11 | K11: =1.2*D11+E11 | L11: =1.2*D11+E11+1.4*F11 | M11: =1.2*D11+E11+1.4*G11 | N11: =MAX(ABS(H11),ABS(I11),ABS(J11),ABS(K11),ABS(L11),ABS(M11)) | O11: =1.4*Esforcos!J11 | P11: =1.4*Esforcos!K11 | Q11: =MAX(ABS(O11),ABS(P11)) | R11: =MAX(Q11,Q10,Q12) | S11: =IF(ABS(O11)>=ABS(P11),0.9*(Tensoes!D11*Dados!$C$11-Tensoes!F11),0.9*(Tensoes!D11*Dados!$C$11+Tensoes!F11)) | T11: =MIN(1+S11/MAX(R11,0.000001),2) | U11: =T11*Dados!$C$88 | V11: =N11/(Dados!$C$91*Dados!$C$87)/1000 | W11: =(V11-U11)/0.9 | X11: =MAX(W11,0)/(Dados!$C$84/Dados!$C$62)*Dados!$C$91*10000/2 | Y11: =Dados!$C$90*Dados!$C$6*10000/2 | Z11: =MAX(X11,Y11) | AA11: =Dados!$C$89*1000*Dados!$C$91*Dados!$C$87 | AB11: =IF(N11<=AA11,"OK","NÃO")
A12: =Tracado_Perdas!B12 | B12: =-Tracado_Perdas!AB12*Tracado_Perdas!H12 | C12: =IF(A12<=Dados!$C$5,-Hiperestatico!$H$4/2,Hiperestatico!$H$4/2) | D12: =B12+C12 | E12: =Esforcos!L12 | F12: =Esforcos!M12 | G12: =Esforcos!N12 | H12: =0.9*D12+1.4*E12 | I12: =0.9*D12+1.4*E12+1.4*F12 | J12: =0.9*D12+1.4*E12+1.4*G12 | K12: =1.2*D12+E12 | L12: =1.2*D12+E12+1.4*F12 | M12: =1.2*D12+E12+1.4*G12 | N12: =MAX(ABS(H12),ABS(I12),ABS(J12),ABS(K12),ABS(L12),ABS(M12)) | O12: =1.4*Esforcos!J12 | P12: =1.4*Esforcos!K12 | Q12: =MAX(ABS(O12),ABS(P12)) | R12: =MAX(Q12,Q11,Q13) | S12: =IF(ABS(O12)>=ABS(P12),0.9*(Tensoes!D12*Dados!$C$11-Tensoes!F12),0.9*(Tensoes!D12*Dados!$C$11+Tensoes!F12)) | T12: =MIN(1+S12/MAX(R12,0.000001),2) | U12: =T12*Dados!$C$88 | V12: =N12/(Dados!$C$91*Dados!$C$87)/1000 | W12: =(V12-U12)/0.9 | X12: =MAX(W12,0)/(Dados!$C$84/Dados!$C$62)*Dados!$C$91*10000/2 | Y12: =Dados!$C$90*Dados!$C$6*10000/2 | Z12: =MAX(X12,Y12) | AA12: =Dados!$C$89*1000*Dados!$C$91*Dados!$C$87 | AB12: =IF(N12<=AA12,"OK","NÃO")
A13: =Tracado_Perdas!B13 | B13: =-Tracado_Perdas!AB13*Tracado_Perdas!H13 | C13: =IF(A13<=Dados!$C$5,-Hiperestatico!$H$4/2,Hiperestatico!$H$4/2) | D13: =B13+C13 | E13: =Esforcos!L13 | F13: =Esforcos!M13 | G13: =Esforcos!N13 | H13: =0.9*D13+1.4*E13 | I13: =0.9*D13+1.4*E13+1.4*F13 | J13: =0.9*D13+1.4*E13+1.4*G13 | K13: =1.2*D13+E13 | L13: =1.2*D13+E13+1.4*F13 | M13: =1.2*D13+E13+1.4*G13 | N13: =MAX(ABS(H13),ABS(I13),ABS(J13),ABS(K13),ABS(L13),ABS(M13)) | O13: =1.4*Esforcos!J13 | P13: =1.4*Esforcos!K13 | Q13: =MAX(ABS(O13),ABS(P13)) | R13: =MAX(Q13,Q12,Q14) | S13: =IF(ABS(O13)>=ABS(P13),0.9*(Tensoes!D13*Dados!$C$11-Tensoes!F13),0.9*(Tensoes!D13*Dados!$C$11+Tensoes!F13)) | T13: =MIN(1+S13/MAX(R13,0.000001),2) | U13: =T13*Dados!$C$88 | V13: =N13/(Dados!$C$91*Dados!$C$87)/1000 | W13: =(V13-U13)/0.9 | X13: =MAX(W13,0)/(Dados!$C$84/Dados!$C$62)*Dados!$C$91*10000/2 | Y13: =Dados!$C$90*Dados!$C$6*10000/2 | Z13: =MAX(X13,Y13) | AA13: =Dados!$C$89*1000*Dados!$C$91*Dados!$C$87 | AB13: =IF(N13<=AA13,"OK","NÃO")
A14: =Tracado_Perdas!B14 | B14: =-Tracado_Perdas!AB14*Tracado_Perdas!H14 | C14: =IF(A14<=Dados!$C$5,-Hiperestatico!$H$4/2,Hiperestatico!$H$4/2) | D14: =B14+C14 | E14: =Esforcos!L14 | F14: =Esforcos!M14 | G14: =Esforcos!N14 | H14: =0.9*D14+1.4*E14 | I14: =0.9*D14+1.4*E14+1.4*F14 | J14: =0.9*D14+1.4*E14+1.4*G14 | K14: =1.2*D14+E14 | L14: =1.2*D14+E14+1.4*F14 | M14: =1.2*D14+E14+1.4*G14 | N14: =MAX(ABS(H14),ABS(I14),ABS(J14),ABS(K14),ABS(L14),ABS(M14)) | O14: =1.4*Esforcos!J14 | P14: =1.4*Esforcos!K14 | Q14: =MAX(ABS(O14),ABS(P14)) | R14: =MAX(Q14,Q13,Q15) | S14: =IF(ABS(O14)>=ABS(P14),0.9*(Tensoes!D14*Dados!$C$11-Tensoes!F14),0.9*(Tensoes!D14*Dados!$C$11+Tensoes!F14)) | T14: =MIN(1+S14/MAX(R14,0.000001),2) | U14: =T14*Dados!$C$88 | V14: =N14/(Dados!$C$91*Dados!$C$87)/1000 | W14: =(V14-U14)/0.9 | X14: =MAX(W14,0)/(Dados!$C$84/Dados!$C$62)*Dados!$C$91*10000/2 | Y14: =Dados!$C$90*Dados!$C$6*10000/2 | Z14: =MAX(X14,Y14) | AA14: =Dados!$C$89*1000*Dados!$C$91*Dados!$C$87 | AB14: =IF(N14<=AA14,"OK","NÃO")
A15: =Tracado_Perdas!B15 | B15: =-Tracado_Perdas!AB15*Tracado_Perdas!H15 | C15: =IF(A15<=Dados!$C$5,-Hiperestatico!$H$4/2,Hiperestatico!$H$4/2) | D15: =B15+C15 | E15: =Esforcos!L15 | F15: =Esforcos!M15 | G15: =Esforcos!N15 | H15: =0.9*D15+1.4*E15 | I15: =0.9*D15+1.4*E15+1.4*F15 | J15: =0.9*D15+1.4*E15+1.4*G15 | K15: =1.2*D15+E15 | L15: =1.2*D15+E15+1.4*F15 | M15: =1.2*D15+E15+1.4*G15 | N15: =MAX(ABS(H15),ABS(I15),ABS(J15),ABS(K15),ABS(L15),ABS(M15)) | O15: =1.4*Esforcos!J15 | P15: =1.4*Esforcos!K15 | Q15: =MAX(ABS(O15),ABS(P15)) | R15: =MAX(Q15,Q14,Q16) | S15: =IF(ABS(O15)>=ABS(P15),0.9*(Tensoes!D15*Dados!$C$11-Tensoes!F15),0.9*(Tensoes!D15*Dados!$C$11+Tensoes!F15)) | T15: =MIN(1+S15/MAX(R15,0.000001),2) | U15: =T15*Dados!$C$88 | V15: =N15/(Dados!$C$91*Dados!$C$87)/1000 | W15: =(V15-U15)/0.9 | X15: =MAX(W15,0)/(Dados!$C$84/Dados!$C$62)*Dados!$C$91*10000/2 | Y15: =Dados!$C$90*Dados!$C$6*10000/2 | Z15: =MAX(X15,Y15) | AA15: =Dados!$C$89*1000*Dados!$C$91*Dados!$C$87 | AB15: =IF(N15<=AA15,"OK","NÃO")
A16: =Tracado_Perdas!B16 | B16: =-Tracado_Perdas!AB16*Tracado_Perdas!H16 | C16: =IF(A16<=Dados!$C$5,-Hiperestatico!$H$4/2,Hiperestatico!$H$4/2) | D16: =B16+C16 | E16: =Esforcos!L16 | F16: =Esforcos!M16 | G16: =Esforcos!N16 | H16: =0.9*D16+1.4*E16 | I16: =0.9*D16+1.4*E16+1.4*F16 | J16: =0.9*D16+1.4*E16+1.4*G16 | K16: =1.2*D16+E16 | L16: =1.2*D16+E16+1.4*F16 | M16: =1.2*D16+E16+1.4*G16 | N16: =MAX(ABS(H16),ABS(I16),ABS(J16),ABS(K16),ABS(L16),ABS(M16)) | O16: =1.4*Esforcos!J16 | P16: =1.4*Esforcos!K16 | Q16: =MAX(ABS(O16),ABS(P16)) | R16: =MAX(Q16,Q15,Q17) | S16: =IF(ABS(O16)>=ABS(P16),0.9*(Tensoes!D16*Dados!$C$11-Tensoes!F16),0.9*(Tensoes!D16*Dados!$C$11+Tensoes!F16)) | T16: =MIN(1+S16/MAX(R16,0.000001),2) | U16: =T16*Dados!$C$88 | V16: =N16/(Dados!$C$91*Dados!$C$87)/1000 | W16: =(V16-U16)/0.9 | X16: =MAX(W16,0)/(Dados!$C$84/Dados!$C$62)*Dados!$C$91*10000/2 | Y16: =Dados!$C$90*Dados!$C$6*10000/2 | Z16: =MAX(X16,Y16) | AA16: =Dados!$C$89*1000*Dados!$C$91*Dados!$C$87 | AB16: =IF(N16<=AA16,"OK","NÃO")
A17: =Tracado_Perdas!B17 | B17: =-Tracado_Perdas!AB17*Tracado_Perdas!H17 | C17: =IF(A17<=Dados!$C$5,-Hiperestatico!$H$4/2,Hiperestatico!$H$4/2) | D17: =B17+C17 | E17: =Esforcos!L17 | F17: =Esforcos!M17 | G17: =Esforcos!N17 | H17: =0.9*D17+1.4*E17 | I17: =0.9*D17+1.4*E17+1.4*F17 | J17: =0.9*D17+1.4*E17+1.4*G17 | K17: =1.2*D17+E17 | L17: =1.2*D17+E17+1.4*F17 | M17: =1.2*D17+E17+1.4*G17 | N17: =MAX(ABS(H17),ABS(I17),ABS(J17),ABS(K17),ABS(L17),ABS(M17)) | O17: =1.4*Esforcos!J17 | P17: =1.4*Esforcos!K17 | Q17: =MAX(ABS(O17),ABS(P17)) | R17: =MAX(Q17,Q16,Q18) | S17: =IF(ABS(O17)>=ABS(P17),0.9*(Tensoes!D17*Dados!$C$11-Tensoes!F17),0.9*(Tensoes!D17*Dados!$C$11+Tensoes!F17)) | T17: =MIN(1+S17/MAX(R17,0.000001),2) | U17: =T17*Dados!$C$88 | V17: =N17/(Dados!$C$91*Dados!$C$87)/1000 | W17: =(V17-U17)/0.9 | X17: =MAX(W17,0)/(Dados!$C$84/Dados!$C$62)*Dados!$C$91*10000/2 | Y17: =Dados!$C$90*Dados!$C$6*10000/2 | Z17: =MAX(X17,Y17) | AA17: =Dados!$C$89*1000*Dados!$C$91*Dados!$C$87 | AB17: =IF(N17<=AA17,"OK","NÃO")
A18: =Tracado_Perdas!B18 | B18: =-Tracado_Perdas!AB18*Tracado_Perdas!H18 | C18: =IF(A18<=Dados!$C$5,-Hiperestatico!$H$4/2,Hiperestatico!$H$4/2) | D18: =B18+C18 | E18: =Esforcos!L18 | F18: =Esforcos!M18 | G18: =Esforcos!N18 | H18: =0.9*D18+1.4*E18 | I18: =0.9*D18+1.4*E18+1.4*F18 | J18: =0.9*D18+1.4*E18+1.4*G18 | K18: =1.2*D18+E18 | L18: =1.2*D18+E18+1.4*F18 | M18: =1.2*D18+E18+1.4*G18 | N18: =MAX(ABS(H18),ABS(I18),ABS(J18),ABS(K18),ABS(L18),ABS(M18)) | O18: =1.4*Esforcos!J18 | P18: =1.4*Esforcos!K18 | Q18: =MAX(ABS(O18),ABS(P18)) | R18: =MAX(Q18,Q17,Q19) | S18: =IF(ABS(O18)>=ABS(P18),0.9*(Tensoes!D18*Dados!$C$11-Tensoes!F18),0.9*(Tensoes!D18*Dados!$C$11+Tensoes!F18)) | T18: =MIN(1+S18/MAX(R18,0.000001),2) | U18: =T18*Dados!$C$88 | V18: =N18/(Dados!$C$91*Dados!$C$87)/1000 | W18: =(V18-U18)/0.9 | X18: =MAX(W18,0)/(Dados!$C$84/Dados!$C$62)*Dados!$C$91*10000/2 | Y18: =Dados!$C$90*Dados!$C$6*10000/2 | Z18: =MAX(X18,Y18) | AA18: =Dados!$C$89*1000*Dados!$C$91*Dados!$C$87 | AB18: =IF(N18<=AA18,"OK","NÃO")
A19: =Tracado_Perdas!B19 | B19: =-Tracado_Perdas!AB19*Tracado_Perdas!H19 | C19: =IF(A19<=Dados!$C$5,-Hiperestatico!$H$4/2,Hiperestatico!$H$4/2) | D19: =B19+C19 | E19: =Esforcos!L19 | F19: =Esforcos!M19 | G19: =Esforcos!N19 | H19: =0.9*D19+1.4*E19 | I19: =0.9*D19+1.4*E19+1.4*F19 | J19: =0.9*D19+1.4*E19+1.4*G19 | K19: =1.2*D19+E19 | L19: =1.2*D19+E19+1.4*F19 | M19: =1.2*D19+E19+1.4*G19 | N19: =MAX(ABS(H19),ABS(I19),ABS(J19),ABS(K19),ABS(L19),ABS(M19)) | O19: =1.4*Esforcos!J19 | P19: =1.4*Esforcos!K19 | Q19: =MAX(ABS(O19),ABS(P19)) | R19: =MAX(Q19,Q18,Q20) | S19: =IF(ABS(O19)>=ABS(P19),0.9*(Tensoes!D19*Dados!$C$11-Tensoes!F19),0.9*(Tensoes!D19*Dados!$C$11+Tensoes!F19)) | T19: =MIN(1+S19/MAX(R19,0.000001),2) | U19: =T19*Dados!$C$88 | V19: =N19/(Dados!$C$91*Dados!$C$87)/1000 | W19: =(V19-U19)/0.9 | X19: =MAX(W19,0)/(Dados!$C$84/Dados!$C$62)*Dados!$C$91*10000/2 | Y19: =Dados!$C$90*Dados!$C$6*10000/2 | Z19: =MAX(X19,Y19) | AA19: =Dados!$C$89*1000*Dados!$C$91*Dados!$C$87 | AB19: =IF(N19<=AA19,"OK","NÃO")
A20: =Tracado_Perdas!B20 | B20: =-Tracado_Perdas!AB20*Tracado_Perdas!H20 | C20: =IF(A20<=Dados!$C$5,-Hiperestatico!$H$4/2,Hiperestatico!$H$4/2) | D20: =B20+C20 | E20: =Esforcos!L20 | F20: =Esforcos!M20 | G20: =Esforcos!N20 | H20: =0.9*D20+1.4*E20 | I20: =0.9*D20+1.4*E20+1.4*F20 | J20: =0.9*D20+1.4*E20+1.4*G20 | K20: =1.2*D20+E20 | L20: =1.2*D20+E20+1.4*F20 | M20: =1.2*D20+E20+1.4*G20 | N20: =MAX(ABS(H20),ABS(I20),ABS(J20),ABS(K20),ABS(L20),ABS(M20)) | O20: =1.4*Esforcos!J20 | P20: =1.4*Esforcos!K20 | Q20: =MAX(ABS(O20),ABS(P20)) | R20: =MAX(Q20,Q19,Q21) | S20: =IF(ABS(O20)>=ABS(P20),0.9*(Tensoes!D20*Dados!$C$11-Tensoes!F20),0.9*(Tensoes!D20*Dados!$C$11+Tensoes!F20)) | T20: =MIN(1+S20/MAX(R20,0.000001),2) | U20: =T20*Dados!$C$88 | V20: =N20/(Dados!$C$91*Dados!$C$87)/1000 | W20: =(V20-U20)/0.9 | X20: =MAX(W20,0)/(Dados!$C$84/Dados!$C$62)*Dados!$C$91*10000/2 | Y20: =Dados!$C$90*Dados!$C$6*10000/2 | Z20: =MAX(X20,Y20) | AA20: =Dados!$C$89*1000*Dados!$C$91*Dados!$C$87 | AB20: =IF(N20<=AA20,"OK","NÃO")
... A47: =Tracado_Perdas!B47 | B47: =-Tracado_Perdas!AB47*Tracado_Perdas!H47 | C47: =IF(A47<=Dados!$C$5,-Hiperestatico!$H$4/2,Hiperestatico!$H$4/2) | D47: =B47+C47 | E47: =Esforcos!L47 | F47: =Esforcos!M47 | G47: =Esforcos!N47 | H47: =0.9*D47+1.4*E47 | I47: =0.9*D47+1.4*E47+1.4*F47 | J47: =0.9*D47+1.4*E47+1.4*G47 | K47: =1.2*D47+E47 | L47: =1.2*D47+E47+1.4*F47 | M47: =1.2*D47+E47+1.4*G47 | N47: =MAX(ABS(H47),ABS(I47),ABS(J47),ABS(K47),ABS(L47),ABS(M47)) | O47: =1.4*Esforcos!J47 | P47: =1.4*Esforcos!K47 | Q47: =MAX(ABS(O47),ABS(P47)) | R47: =MAX(Q47,Q46,Q48) | S47: =IF(ABS(O47)>=ABS(P47),0.9*(Tensoes!D47*Dados!$C$11-Tensoes!F47),0.9*(Tensoes!D47*Dados!$C$11+Tensoes!F47)) | T47: =MIN(1+S47/MAX(R47,0.000001),2) | U47: =T47*Dados!$C$88 | V47: =N47/(Dados!$C$91*Dados!$C$87)/1000 | W47: =(V47-U47)/0.9 | X47: =MAX(W47,0)/(Dados!$C$84/Dados!$C$62)*Dados!$C$91*10000/2 | Y47: =Dados!$C$90*Dados!$C$6*10000/2 | Z47: =MAX(X47,Y47) | AA47: =Dados!$C$89*1000*Dados!$C$91*Dados!$C$87 | AB47: =IF(N47<=AA47,"OK","NÃO")
A48: =Tracado_Perdas!B48 | B48: =-Tracado_Perdas!AB48*Tracado_Perdas!H48 | C48: =IF(A48<=Dados!$C$5,-Hiperestatico!$H$4/2,Hiperestatico!$H$4/2) | D48: =B48+C48 | E48: =Esforcos!L48 | F48: =Esforcos!M48 | G48: =Esforcos!N48 | H48: =0.9*D48+1.4*E48 | I48: =0.9*D48+1.4*E48+1.4*F48 | J48: =0.9*D48+1.4*E48+1.4*G48 | K48: =1.2*D48+E48 | L48: =1.2*D48+E48+1.4*F48 | M48: =1.2*D48+E48+1.4*G48 | N48: =MAX(ABS(H48),ABS(I48),ABS(J48),ABS(K48),ABS(L48),ABS(M48)) | O48: =1.4*Esforcos!J48 | P48: =1.4*Esforcos!K48 | Q48: =MAX(ABS(O48),ABS(P48)) | R48: =MAX(Q48,Q47) | S48: =IF(ABS(O48)>=ABS(P48),0.9*(Tensoes!D48*Dados!$C$11-Tensoes!F48),0.9*(Tensoes!D48*Dados!$C$11+Tensoes!F48)) | T48: =MIN(1+S48/MAX(R48,0.000001),2) | U48: =T48*Dados!$C$88 | V48: =N48/(Dados!$C$91*Dados!$C$87)/1000 | W48: =(V48-U48)/0.9 | X48: =MAX(W48,0)/(Dados!$C$84/Dados!$C$62)*Dados!$C$91*10000/2 | Y48: =Dados!$C$90*Dados!$C$6*10000/2 | Z48: =MAX(X48,Y48) | AA48: =Dados!$C$89*1000*Dados!$C$91*Dados!$C$87 | AB48: =IF(N48<=AA48,"OK","NÃO")

Sheet ELU
A1: Verificação à ruptura (ELU - flexão)
A2: Pré-alongamento (neutralização), diagrama bilinear do aço de protensão (patamar em fpyd), retângulo de tensões 0,8x·0,85·fcd. A' = armadura passiva comprimida (entrada).
A4: Grandeza | B4: Apoio B (x=10 m) | C4: Vão (x=4,0 m) | D4: Unid.
A5: Linha de estação | B5: 28 | C5: 16
A6: Face comprimida | B6: inferior | C6: superior
A7: e (cabo, + abaixo CG) | B7: =Tracado_Perdas!D28 | C7: =Tracado_Perdas!D16
A8: dp (cabo à face comprimida) | B8: =Dados!$C$7/2-B7 | C8: =Dados!$C$7/2+C7
A9: P∞ no cabo | B9: =Tracado_Perdas!AB28 | C9: =Tracado_Perdas!AB16
A10: σp,∞ | B10: =Tracado_Perdas!AA28 | C10: =Tracado_Perdas!AA16
A11: εp0 = σ∞/Ep + P∞/(Ac·Ecs)·(1+e²Ac/Ic) | B11: =B10/Dados!$C$65+B9/(Dados!$C$8*Dados!$C$20*1000)*(1+B7^2*Dados!$C$8/Dados!$C$9) | C11: =C10/Dados!$C$65+C9/(Dados!$C$8*Dados!$C$20*1000)*(1+C7^2*Dados!$C$8/Dados!$C$9)
A12: A' (compressão, passiva) | B12: 4.91 | C12: 2.45
A13: d' (A' à face comprimida) | B13: 0.05 | C13: 0.05
A14: Tp = Ap·fpyd | B14: =Dados!$C$59*Dados!$C$63*1000 | C14: =Dados!$C$59*Dados!$C$63*1000
A15: Cs = A'·fyd | B15: =B12*0.0001*Dados!$C$84/Dados!$C$62*1000 | C15: =C12*0.0001*Dados!$C$84/Dados!$C$62*1000
A16: x = (Tp - Cs)/(0,85·fcd·0,8·bw) | B16: =(B14-B15)/(0.85*Dados!$C$14*1000*0.8*Dados!$C$6) | C16: =(C14-C15)/(0.85*Dados!$C$14*1000*0.8*Dados!$C$6)
A17: x/dp | B17: =B16/B8 | C17: =C16/C8
A18: εp = εp0 + 3,5‰·(dp-x)/x | B18: =B11+0.0035*(B8-B16)/B16 | C18: =C11+0.0035*(C8-C16)/C16
A19: εpy = fpyd/Ep (εp ≥ εpy ?) | B19: =IF(B18>=Dados!$C$63/Dados!$C$65,"escoamento OK","VERIFICAR") | C19: =IF(C18>=Dados!$C$63/Dados!$C$65,"escoamento OK","VERIFICAR")
A20: ε's = 3,5‰·(x-d')/x ≥ εyd ? | B20: =IF(0.0035*(B16-B13)/B16>=Dados!$C$84/Dados!$C$62/Dados!$C$86,"escoa","VERIFICAR") | C20: =IF(0.0035*(C16-C13)/C16>=Dados!$C$84/Dados!$C$62/Dados!$C$86,"escoa","VERIFICAR")
A21: Cc = Tp - Cs | B21: =B14-B15 | C21: =C14-C15
A22: MRd = Cc(dp-0,4x)+Cs(dp-d') | B22: =B21*(B8-0.4*B16)+B15*(B8-B13) | C22: =C21*(C8-0.4*C16)+C15*(C8-C13)
A23: M_hip,∞ na seção | B23: =Hiperestatico!H28 | C23: =Hiperestatico!H16
A24: Msd externo = 1,4(Mg+Mq) | B24: =1.4*Esforcos!K28 | C24: =1.4*Esforcos!J16
A25: γp (1,2 desfavorável / 0,9 favorável) | B25: =IF(B23>0,0.9,1.2) | C25: =IF(C23<0,0.9,1.2)
A26: Msd = externo + γp·M_hip | B26: =B24+B25*B23 | C26: =C24+C25*C23
A27: |Msd| ≤ MRd ? | B27: =IF(ABS(B26)<=B22,"OK","NÃO") | C27: =IF(ABS(C26)<=C22,"OK","NÃO")
A28: MRd/|Msd| | B28: =B22/ABS(B26) | C28: =C22/ABS(C26)
A29: Ductilidade x/d ≤ 0,45 ? | B29: =IF(B17<=0.45,"OK","VERIFICAR A'") | C29: =IF(C17<=0.45,"OK","VERIFICAR A'")
A30: Md,mín = 0,8·W·fctk,sup (NBR 17.3.5.2.1) | B30: =0.8*Dados!$C$10*1.3*Dados!$C$15*1000 | C30: =0.8*Dados!$C$10*1.3*Dados!$C$15*1000

Sheet Alongamento
A1: Alongamento final dos cabos
A2: Protensão simultânea pelas duas extremidades até σp,j. Δl por extremidade = ∫σp(s)/Ep ds ao longo do cabo (x de 0 a L), com σp(s) do atrito antes da cravação.
A3: Grandeza | B3: Valor | C3: Unid.
A4: Δl por extremidade (teórico, pré-cravação) | B4: =SUMPRODUCT((Tracado_Perdas!M9:M28+Tracado_Perdas!M8:M27)/2,Tracado_Perdas!K9:K28)/Dados!$C$65*1000 | C4: mm
A5: Δl total do cabo (2 extremidades) | B5: =2*B4 | C5: mm
A6: Tolerância ±5 % (mín.) | B6: =0.95*B4 | C6: mm
A7: Tolerância ±5 % (máx.) | B7: =1.05*B4 | C7: mm
A8: Cravação das cunhas (por extremidade) | B8: =Dados!$C$72*1000 | C8: mm
A9: Alongamento líquido por extremidade após cravação | B9: =B4-B8 | C9: mm
A10: Comprimento do cabo (arco, total) | B10: =Tracado_Perdas!L48 | C10: m
A11: Ângulo total desviado Σα | B11: =Tracado_Perdas!J48 | C11: rad
A12: Perda por atrito até o meio do cabo (apoio B) | B12: =1-Tracado_Perdas!M28/Dados!$C$67
A13: Alcance da cravação xa | B13: =Dados!$C$81 | C13: m

Sheet Flecha_PC
A1: ELS-DEF - flecha da viga protendida (seção não fissurada, Ecs·Ic)
A2: y"=-M/EI integrado duas vezes; y(0)=y(L)=0. Combinação quase permanente: Mg + ψ2·Mq + efeito da protensão P∞. Deslocamento positivo = para baixo. Limite visual: L/250.
M3: máx |δ_g| | N3: =MAX(ABS(MIN(K8:K28)),MAX(K8:K28)) | P3: δ_qp,∞ (mín.) | Q3: =MIN(R8:R28)
M4: máx |δ_P| | N4: =MAX(ABS(MIN(N8:N28)),MAX(N8:N28)) | P4: Limite L/250 [mm] | Q4: =Dados!$C$5*1000/250
M5: δ_qp (mín.) | N5: =MIN(Q8:Q28) | P5: f1 (modo antissimétrico) [Hz] | Q5: =PI()/(2*Dados!$C$5^2)*SQRT(Dados!$C$20*1000000*Dados!$C$9/(Dados!$C$32/9.81*1000))
A6: x | B6: Mg | C6: ψ2·Mq (ambos vãos) | D6: M_P,∞ | E6: M_qp líquido = Mg+ψ2Mq+M_P | F6: κ_g | G6: κ_P | H6: κ_qp | I6: θ_g | J6: y_g (bruto) | K6: δ_g (+ para baixo) | L6: θ_P | M6: y_P (bruto) | N6: δ_P (+ para baixo) | O6: θ_qp | P6: y_qp (bruto) | Q6: δ_qp (+ para baixo) | R6: δ_qp,∞ = δ_qp·(1+φ)
A7: m | B7: kN·m | C7: kN·m | D7: kN·m | E7: kN·m | F7: 1/m | G7: 1/m | H7: 1/m | I7: rad | J7: m | K7: mm | L7: rad | M7: m | N7: mm | O7: rad | P7: m | Q7: mm | R7: mm
A8: =Tracado_Perdas!B8 | B8: =Esforcos!E8 | C8: =Dados!$C$35*(3*Dados!$C$33*Dados!$C$5*Esforcos!C8/8-Dados!$C$33*Esforcos!C8^2/2) | D8: =Tensoes!F8 | E8: =B8+C8+D8 | F8: =-B8/(Dados!$C$20*1000*Dados!$C$9) | G8: =-D8/(Dados!$C$20*1000*Dados!$C$9) | H8: =-E8/(Dados!$C$20*1000*Dados!$C$9) | I8: 0 | J8: 0 | K8: =(J8-J$28*A8/Dados!$C$5)*1000 | L8: 0 | M8: 0 | N8: =(M8-M$28*A8/Dados!$C$5)*1000 | O8: 0 | P8: 0 | Q8: =(P8-P$28*A8/Dados!$C$5)*1000 | R8: =Q8*(1+Dados!$C$73)
A9: =Tracado_Perdas!B9 | B9: =Esforcos!E9 | C9: =Dados!$C$35*(3*Dados!$C$33*Dados!$C$5*Esforcos!C9/8-Dados!$C$33*Esforcos!C9^2/2) | D9: =Tensoes!F9 | E9: =B9+C9+D9 | F9: =-B9/(Dados!$C$20*1000*Dados!$C$9) | G9: =-D9/(Dados!$C$20*1000*Dados!$C$9) | H9: =-E9/(Dados!$C$20*1000*Dados!$C$9) | I9: =I8+0.5*(F9+F8)*(A9-A8) | J9: =J8+0.5*(I9+I8)*(A9-A8) | K9: =(J9-J$28*A9/Dados!$C$5)*1000 | L9: =L8+0.5*(G9+G8)*(A9-A8) | M9: =M8+0.5*(L9+L8)*(A9-A8) | N9: =(M9-M$28*A9/Dados!$C$5)*1000 | O9: =O8+0.5*(H9+H8)*(A9-A8) | P9: =P8+0.5*(O9+O8)*(A9-A8) | Q9: =(P9-P$28*A9/Dados!$C$5)*1000 | R9: =Q9*(1+Dados!$C$73)
A10: =Tracado_Perdas!B10 | B10: =Esforcos!E10 | C10: =Dados!$C$35*(3*Dados!$C$33*Dados!$C$5*Esforcos!C10/8-Dados!$C$33*Esforcos!C10^2/2) | D10: =Tensoes!F10 | E10: =B10+C10+D10 | F10: =-B10/(Dados!$C$20*1000*Dados!$C$9) | G10: =-D10/(Dados!$C$20*1000*Dados!$C$9) | H10: =-E10/(Dados!$C$20*1000*Dados!$C$9) | I10: =I9+0.5*(F10+F9)*(A10-A9) | J10: =J9+0.5*(I10+I9)*(A10-A9) | K10: =(J10-J$28*A10/Dados!$C$5)*1000 | L10: =L9+0.5*(G10+G9)*(A10-A9) | M10: =M9+0.5*(L10+L9)*(A10-A9) | N10: =(M10-M$28*A10/Dados!$C$5)*1000 | O10: =O9+0.5*(H10+H9)*(A10-A9) | P10: =P9+0.5*(O10+O9)*(A10-A9) | Q10: =(P10-P$28*A10/Dados!$C$5)*1000 | R10: =Q10*(1+Dados!$C$73)
A11: =Tracado_Perdas!B11 | B11: =Esforcos!E11 | C11: =Dados!$C$35*(3*Dados!$C$33*Dados!$C$5*Esforcos!C11/8-Dados!$C$33*Esforcos!C11^2/2) | D11: =Tensoes!F11 | E11: =B11+C11+D11 | F11: =-B11/(Dados!$C$20*1000*Dados!$C$9) | G11: =-D11/(Dados!$C$20*1000*Dados!$C$9) | H11: =-E11/(Dados!$C$20*1000*Dados!$C$9) | I11: =I10+0.5*(F11+F10)*(A11-A10) | J11: =J10+0.5*(I11+I10)*(A11-A10) | K11: =(J11-J$28*A11/Dados!$C$5)*1000 | L11: =L10+0.5*(G11+G10)*(A11-A10) | M11: =M10+0.5*(L11+L10)*(A11-A10) | N11: =(M11-M$28*A11/Dados!$C$5)*1000 | O11: =O10+0.5*(H11+H10)*(A11-A10) | P11: =P10+0.5*(O11+O10)*(A11-A10) | Q11: =(P11-P$28*A11/Dados!$C$5)*1000 | R11: =Q11*(1+Dados!$C$73)
A12: =Tracado_Perdas!B12 | B12: =Esforcos!E12 | C12: =Dados!$C$35*(3*Dados!$C$33*Dados!$C$5*Esforcos!C12/8-Dados!$C$33*Esforcos!C12^2/2) | D12: =Tensoes!F12 | E12: =B12+C12+D12 | F12: =-B12/(Dados!$C$20*1000*Dados!$C$9) | G12: =-D12/(Dados!$C$20*1000*Dados!$C$9) | H12: =-E12/(Dados!$C$20*1000*Dados!$C$9) | I12: =I11+0.5*(F12+F11)*(A12-A11) | J12: =J11+0.5*(I12+I11)*(A12-A11) | K12: =(J12-J$28*A12/Dados!$C$5)*1000 | L12: =L11+0.5*(G12+G11)*(A12-A11) | M12: =M11+0.5*(L12+L11)*(A12-A11) | N12: =(M12-M$28*A12/Dados!$C$5)*1000 | O12: =O11+0.5*(H12+H11)*(A12-A11) | P12: =P11+0.5*(O12+O11)*(A12-A11) | Q12: =(P12-P$28*A12/Dados!$C$5)*1000 | R12: =Q12*(1+Dados!$C$73)
A13: =Tracado_Perdas!B13 | B13: =Esforcos!E13 | C13: =Dados!$C$35*(3*Dados!$C$33*Dados!$C$5*Esforcos!C13/8-Dados!$C$33*Esforcos!C13^2/2) | D13: =Tensoes!F13 | E13: =B13+C13+D13 | F13: =-B13/(Dados!$C$20*1000*Dados!$C$9) | G13: =-D13/(Dados!$C$20*1000*Dados!$C$9) | H13: =-E13/(Dados!$C$20*1000*Dados!$C$9) | I13: =I12+0.5*(F13+F12)*(A13-A12) | J13: =J12+0.5*(I13+I12)*(A13-A12) | K13: =(J13-J$28*A13/Dados!$C$5)*1000 | L13: =L12+0.5*(G13+G12)*(A13-A12) | M13: =M12+0.5*(L13+L12)*(A13-A12) | N13: =(M13-M$28*A13/Dados!$C$5)*1000 | O13: =O12+0.5*(H13+H12)*(A13-A12) | P13: =P12+0.5*(O13+O12)*(A13-A12) | Q13: =(P13-P$28*A13/Dados!$C$5)*1000 | R13: =Q13*(1+Dados!$C$73)
A14: =Tracado_Perdas!B14 | B14: =Esforcos!E14 | C14: =Dados!$C$35*(3*Dados!$C$33*Dados!$C$5*Esforcos!C14/8-Dados!$C$33*Esforcos!C14^2/2) | D14: =Tensoes!F14 | E14: =B14+C14+D14 | F14: =-B14/(Dados!$C$20*1000*Dados!$C$9) | G14: =-D14/(Dados!$C$20*1000*Dados!$C$9) | H14: =-E14/(Dados!$C$20*1000*Dados!$C$9) | I14: =I13+0.5*(F14+F13)*(A14-A13) | J14: =J13+0.5*(I14+I13)*(A14-A13) | K14: =(J14-J$28*A14/Dados!$C$5)*1000 | L14: =L13+0.5*(G14+G13)*(A14-A13) | M14: =M13+0.5*(L14+L13)*(A14-A13) | N14: =(M14-M$28*A14/Dados!$C$5)*1000 | O14: =O13+0.5*(H14+H13)*(A14-A13) | P14: =P13+0.5*(O14+O13)*(A14-A13) | Q14: =(P14-P$28*A14/Dados!$C$5)*1000 | R14: =Q14*(1+Dados!$C$73)
A15: =Tracado_Perdas!B15 | B15: =Esforcos!E15 | C15: =Dados!$C$35*(3*Dados!$C$33*Dados!$C$5*Esforcos!C15/8-Dados!$C$33*Esforcos!C15^2/2) | D15: =Tensoes!F15 | E15: =B15+C15+D15 | F15: =-B15/(Dados!$C$20*1000*Dados!$C$9) | G15: =-D15/(Dados!$C$20*1000*Dados!$C$9) | H15: =-E15/(Dados!$C$20*1000*Dados!$C$9) | I15: =I14+0.5*(F15+F14)*(A15-A14) | J15: =J14+0.5*(I15+I14)*(A15-A14) | K15: =(J15-J$28*A15/Dados!$C$5)*1000 | L15: =L14+0.5*(G15+G14)*(A15-A14) | M15: =M14+0.5*(L15+L14)*(A15-A14) | N15: =(M15-M$28*A15/Dados!$C$5)*1000 | O15: =O14+0.5*(H15+H14)*(A15-A14) | P15: =P14+0.5*(O15+O14)*(A15-A14) | Q15: =(P15-P$28*A15/Dados!$C$5)*1000 | R15: =Q15*(1+Dados!$C$73)
A16: =Tracado_Perdas!B16 | B16: =Esforcos!E16 | C16: =Dados!$C$35*(3*Dados!$C$33*Dados!$C$5*Esforcos!C16/8-Dados!$C$33*Esforcos!C16^2/2) | D16: =Tensoes!F16 | E16: =B16+C16+D16 | F16: =-B16/(Dados!$C$20*1000*Dados!$C$9) | G16: =-D16/(Dados!$C$20*1000*Dados!$C$9) | H16: =-E16/(Dados!$C$20*1000*Dados!$C$9) | I16: =I15+0.5*(F16+F15)*(A16-A15) | J16: =J15+0.5*(I16+I15)*(A16-A15) | K16: =(J16-J$28*A16/Dados!$C$5)*1000 | L16: =L15+0.5*(G16+G15)*(A16-A15) | M16: =M15+0.5*(L16+L15)*(A16-A15) | N16: =(M16-M$28*A16/Dados!$C$5)*1000 | O16: =O15+0.5*(H16+H15)*(A16-A15) | P16: =P15+0.5*(O16+O15)*(A16-A15) | Q16: =(P16-P$28*A16/Dados!$C$5)*1000 | R16: =Q16*(1+Dados!$C$73)
A17: =Tracado_Perdas!B17 | B17: =Esforcos!E17 | C17: =Dados!$C$35*(3*Dados!$C$33*Dados!$C$5*Esforcos!C17/8-Dados!$C$33*Esforcos!C17^2/2) | D17: =Tensoes!F17 | E17: =B17+C17+D17 | F17: =-B17/(Dados!$C$20*1000*Dados!$C$9) | G17: =-D17/(Dados!$C$20*1000*Dados!$C$9) | H17: =-E17/(Dados!$C$20*1000*Dados!$C$9) | I17: =I16+0.5*(F17+F16)*(A17-A16) | J17: =J16+0.5*(I17+I16)*(A17-A16) | K17: =(J17-J$28*A17/Dados!$C$5)*1000 | L17: =L16+0.5*(G17+G16)*(A17-A16) | M17: =M16+0.5*(L17+L16)*(A17-A16) | N17: =(M17-M$28*A17/Dados!$C$5)*1000 | O17: =O16+0.5*(H17+H16)*(A17-A16) | P17: =P16+0.5*(O17+O16)*(A17-A16) | Q17: =(P17-P$28*A17/Dados!$C$5)*1000 | R17: =Q17*(1+Dados!$C$73)
A18: =Tracado_Perdas!B18 | B18: =Esforcos!E18 | C18: =Dados!$C$35*(3*Dados!$C$33*Dados!$C$5*Esforcos!C18/8-Dados!$C$33*Esforcos!C18^2/2) | D18: =Tensoes!F18 | E18: =B18+C18+D18 | F18: =-B18/(Dados!$C$20*1000*Dados!$C$9) | G18: =-D18/(Dados!$C$20*1000*Dados!$C$9) | H18: =-E18/(Dados!$C$20*1000*Dados!$C$9) | I18: =I17+0.5*(F18+F17)*(A18-A17) | J18: =J17+0.5*(I18+I17)*(A18-A17) | K18: =(J18-J$28*A18/Dados!$C$5)*1000 | L18: =L17+0.5*(G18+G17)*(A18-A17) | M18: =M17+0.5*(L18+L17)*(A18-A17) | N18: =(M18-M$28*A18/Dados!$C$5)*1000 | O18: =O17+0.5*(H18+H17)*(A18-A17) | P18: =P17+0.5*(O18+O17)*(A18-A17) | Q18: =(P18-P$28*A18/Dados!$C$5)*1000 | R18: =Q18*(1+Dados!$C$73)
A19: =Tracado_Perdas!B19 | B19: =Esforcos!E19 | C19: =Dados!$C$35*(3*Dados!$C$33*Dados!$C$5*Esforcos!C19/8-Dados!$C$33*Esforcos!C19^2/2) | D19: =Tensoes!F19 | E19: =B19+C19+D19 | F19: =-B19/(Dados!$C$20*1000*Dados!$C$9) | G19: =-D19/(Dados!$C$20*1000*Dados!$C$9) | H19: =-E19/(Dados!$C$20*1000*Dados!$C$9) | I19: =I18+0.5*(F19+F18)*(A19-A18) | J19: =J18+0.5*(I19+I18)*(A19-A18) | K19: =(J19-J$28*A19/Dados!$C$5)*1000 | L19: =L18+0.5*(G19+G18)*(A19-A18) | M19: =M18+0.5*(L19+L18)*(A19-A18) | N19: =(M19-M$28*A19/Dados!$C$5)*1000 | O19: =O18+0.5*(H19+H18)*(A19-A18) | P19: =P18+0.5*(O19+O18)*(A19-A18) | Q19: =(P19-P$28*A19/Dados!$C$5)*1000 | R19: =Q19*(1+Dados!$C$73)
A20: =Tracado_Perdas!B20 | B20: =Esforcos!E20 | C20: =Dados!$C$35*(3*Dados!$C$33*Dados!$C$5*Esforcos!C20/8-Dados!$C$33*Esforcos!C20^2/2) | D20: =Tensoes!F20 | E20: =B20+C20+D20 | F20: =-B20/(Dados!$C$20*1000*Dados!$C$9) | G20: =-D20/(Dados!$C$20*1000*Dados!$C$9) | H20: =-E20/(Dados!$C$20*1000*Dados!$C$9) | I20: =I19+0.5*(F20+F19)*(A20-A19) | J20: =J19+0.5*(I20+I19)*(A20-A19) | K20: =(J20-J$28*A20/Dados!$C$5)*1000 | L20: =L19+0.5*(G20+G19)*(A20-A19) | M20: =M19+0.5*(L20+L19)*(A20-A19) | N20: =(M20-M$28*A20/Dados!$C$5)*1000 | O20: =O19+0.5*(H20+H19)*(A20-A19) | P20: =P19+0.5*(O20+O19)*(A20-A19) | Q20: =(P20-P$28*A20/Dados!$C$5)*1000 | R20: =Q20*(1+Dados!$C$73)
... A48: =Tracado_Perdas!B48 | B48: =Esforcos!E48 | C48: =Dados!$C$35*(3*Dados!$C$33*Dados!$C$5*Esforcos!C48/8-Dados!$C$33*Esforcos!C48^2/2) | D48: =Tensoes!F48 | E48: =B48+C48+D48 | F48: =-B48/(Dados!$C$20*1000*Dados!$C$9) | G48: =-D48/(Dados!$C$20*1000*Dados!$C$9) | H48: =-E48/(Dados!$C$20*1000*Dados!$C$9) | I48: =I47+0.5*(F48+F47)*(A48-A47) | J48: =J47+0.5*(I48+I47)*(A48-A47) | K48: =(J48-J$28*A48/Dados!$C$5)*1000 | L48: =L47+0.5*(G48+G47)*(A48-A47) | M48: =M47+0.5*(L48+L47)*(A48-A47) | N48: =(M48-M$28*A48/Dados!$C$5)*1000 | O48: =O47+0.5*(H48+H47)*(A48-A47) | P48: =P47+0.5*(O48+O47)*(A48-A47) | Q48: =(P48-P$28*A48/Dados!$C$5)*1000 | R48: =Q48*(1+Dados!$C$73)

Sheet CA
A1: Comparação com concreto armado - mesma seção 30×90, mesmas cargas
A2: ELU: bloco retangular 0,8x·0,85·fcd (sem redistribuição). ELS-W: NBR 6118 17.3.3.2 (CF, ψ1). Deflexão: Branson com integração (aba CA_Flecha). Entradas em amarelo.
A4: Grandeza | B4: Apoio B (M-) | C4: Vão (M+) | D4: Unid.
A5: d (altura útil, 2 camadas) | B5: 0.82 | C5: 0.82
A6: Md = 1,4·(Mg+Mq) | B6: =1.4*ABS(Esforcos!K28) | C6: =1.4*Esforcos!J16
A7: Kmd = Md/(bw·d²·fcd) | B7: =B6/(Dados!$C$6*B5^2*Dados!$C$14*1000) | C7: =C6/(Dados!$C$6*C5^2*Dados!$C$14*1000)
A8: x/d = 1,25·[1-√(1-2Kmd/0,85)] | B8: =1.25*(1-SQRT(1-2*B7/0.85)) | C8: =1.25*(1-SQRT(1-2*C7/0.85))
A9: x | B9: =B8*B5 | C9: =C8*C5
A10: As,calc = Md/[fyd·(d-0,4x)] | B10: =B6/(Dados!$C$84/Dados!$C$62*1000*(B5-0.4*B9))*10000 | C10: =C6/(Dados!$C$84/Dados!$C$62*1000*(C5-0.4*C9))*10000
A11: Barras adotadas (nº de Ø20) | B11: 8 | C11: 6
A12: As,adot | B12: =B11*3.1416 | C12: =C11*3.1416
A13: Ductilidade x/d ≤ 0,45 | B13: =IF(B8<=0.45,"OK","NÃO") | C13: =IF(C8<=0.45,"OK","NÃO")
A14: Momento de fissuração Mr = 1,5·fct,m·Ic/yt | B14: =1.5*Dados!$C$15*1000*Dados!$C$9/(Dados!$C$7/2) | C14: =1.5*Dados!$C$15*1000*Dados!$C$9/(Dados!$C$7/2)
A15: Ma (CF) = |Mg + ψ1·Mq| | B15: =ABS(Esforcos!I28) | C15: =Esforcos!H16
A16: αe = Es/Ecs | B16: =Dados!$C$86/Dados!$C$20 | C16: =Dados!$C$86/Dados!$C$20
A17: x_II (estádio II) | B17: =(-B16*B12/10000+SQRT((B16*B12/10000)^2+2*Dados!$C$6*B16*B12/10000*B5))/Dados!$C$6 | C17: =(-C16*C12/10000+SQRT((C16*C12/10000)^2+2*Dados!$C$6*C16*C12/10000*C5))/Dados!$C$6
A18: I_II | B18: =Dados!$C$6*B17^3/3+B16*B12/10000*(B5-B17)^2 | C18: =Dados!$C$6*C17^3/3+C16*C12/10000*(C5-C17)^2
A19: σs = αe·Ma·(d-x_II)/I_II | B19: =B16*B15*(B5-B17)/B18/1000 | C19: =C16*C15*(C5-C17)/C18/1000
A20: ρri = As/Acri | B20: =B12/10000/(Dados!$C$6*(0.055+7.5*0.02)) | C20: =C12/10000/(Dados!$C$6*(0.055+7.5*0.02))
A21: wk1 = φ/(12,5η1)·σs/Es·3σs/fct,m | B21: =20/(12.5*2.25)*B19/Dados!$C$86*3*B19/Dados!$C$15 | C21: =20/(12.5*2.25)*C19/Dados!$C$86*3*C19/Dados!$C$15
A22: wk2 = φ/(12,5η1)·σs/Es·(4/ρri+45) | B22: =20/(12.5*2.25)*B19/Dados!$C$86*(4/B20+45) | C22: =20/(12.5*2.25)*C19/Dados!$C$86*(4/C20+45)
A23: wk = mín(wk1, wk2) [mm] (limite 0,3) | B23: =MIN(B21,B22) | C23: =MIN(C21,C22)
A24: Vsd (CA) = 1,4(Vg+Vq) | B24: =1.4*ABS(Esforcos!L28+Esforcos!N28) | C24: =1.4*(Esforcos!L8+Esforcos!M8)
A25: Vc = 0,6·fctd·bw·d | B25: =0.6*Dados!$C$17*1000*Dados!$C$6*B5 | C25: =0.6*Dados!$C$17*1000*Dados!$C$6*C5
A26: asw/s total (2 ramos) = (Vsd-Vc)/(0,9·d·fywd) | B26: =MAX(B24-B25,0)/(0.9*B5*Dados!$C$84/Dados!$C$62*1000)*10000 | C26: =MAX(C24-C25,0)/(0.9*C5*Dados!$C$84/Dados!$C$62*1000)*10000
A27: asw,mín total | B27: =Dados!$C$90*Dados!$C$6*10000 | C27: =Dados!$C$90*Dados!$C$6*10000

Sheet CA_Flecha
A1: Concreto armado - flecha (Branson, rigidez variável)
A2: αf = Δξ/(1+50ρ'), Δξ = 2 - 0,68·0,996 (t0 = 1 mês), ρ' = 0 (conservador).
J3: αf = | K3: =(2-0.68*0.996)/(1+50*0)
J4: δ inst. máx (mm) | K4: =MAX(J8:J28)
J5: δ total máx (mm) | K5: =MAX(K8:K28)
A6: x | B6: M_qp = Mg+ψ2Mq | C6: As (cm²) | D6: x_II | E6: I_II | F6: Ie (Branson) | G6: κ = -M/(Ecs·Ie) | H6: θ | I6: y bruto | J6: δ inst. (mm) | K6: δ total = δ·(1+αf) (mm)
A7: m | B7: kN·m | C7: cm² | D7: m | E7: m⁴ | F7: m⁴ | G7: 1/m | H7: rad | I7: m | J7: mm | K7: mm
A8: =Tracado_Perdas!B8 | B8: =Esforcos!E8+Dados!$C$35*(3*Dados!$C$33*Dados!$C$5*Esforcos!C8/8-Dados!$C$33*Esforcos!C8^2/2) | C8: =IF(B8>=0,CA!$C$12,CA!$B$12) | D8: =(-CA!$B$16*C8/10000+SQRT((CA!$B$16*C8/10000)^2+2*Dados!$C$6*CA!$B$16*C8/10000*CA!$B$5))/Dados!$C$6 | E8: =Dados!$C$6*D8^3/3+CA!$B$16*C8/10000*(CA!$B$5-D8)^2 | F8: =IF(ABS(B8)<=CA!$B$14,Dados!$C$9,MIN((CA!$B$14/ABS(B8))^3*Dados!$C$9+(1-(CA!$B$14/ABS(B8))^3)*E8,Dados!$C$9)) | G8: =-B8/(Dados!$C$20*1000*F8) | H8: 0 | I8: 0 | J8: =(I8-I$28*A8/Dados!$C$5)*1000 | K8: =J8*(1+$K$3)
A9: =Tracado_Perdas!B9 | B9: =Esforcos!E9+Dados!$C$35*(3*Dados!$C$33*Dados!$C$5*Esforcos!C9/8-Dados!$C$33*Esforcos!C9^2/2) | C9: =IF(B9>=0,CA!$C$12,CA!$B$12) | D9: =(-CA!$B$16*C9/10000+SQRT((CA!$B$16*C9/10000)^2+2*Dados!$C$6*CA!$B$16*C9/10000*CA!$B$5))/Dados!$C$6 | E9: =Dados!$C$6*D9^3/3+CA!$B$16*C9/10000*(CA!$B$5-D9)^2 | F9: =IF(ABS(B9)<=CA!$B$14,Dados!$C$9,MIN((CA!$B$14/ABS(B9))^3*Dados!$C$9+(1-(CA!$B$14/ABS(B9))^3)*E9,Dados!$C$9)) | G9: =-B9/(Dados!$C$20*1000*F9) | H9: =H8+0.5*(G9+G8)*(A9-A8) | I9: =I8+0.5*(H9+H8)*(A9-A8) | J9: =(I9-I$28*A9/Dados!$C$5)*1000 | K9: =J9*(1+$K$3)
A10: =Tracado_Perdas!B10 | B10: =Esforcos!E10+Dados!$C$35*(3*Dados!$C$33*Dados!$C$5*Esforcos!C10/8-Dados!$C$33*Esforcos!C10^2/2) | C10: =IF(B10>=0,CA!$C$12,CA!$B$12) | D10: =(-CA!$B$16*C10/10000+SQRT((CA!$B$16*C10/10000)^2+2*Dados!$C$6*CA!$B$16*C10/10000*CA!$B$5))/Dados!$C$6 | E10: =Dados!$C$6*D10^3/3+CA!$B$16*C10/10000*(CA!$B$5-D10)^2 | F10: =IF(ABS(B10)<=CA!$B$14,Dados!$C$9,MIN((CA!$B$14/ABS(B10))^3*Dados!$C$9+(1-(CA!$B$14/ABS(B10))^3)*E10,Dados!$C$9)) | G10: =-B10/(Dados!$C$20*1000*F10) | H10: =H9+0.5*(G10+G9)*(A10-A9) | I10: =I9+0.5*(H10+H9)*(A10-A9) | J10: =(I10-I$28*A10/Dados!$C$5)*1000 | K10: =J10*(1+$K$3)
A11: =Tracado_Perdas!B11 | B11: =Esforcos!E11+Dados!$C$35*(3*Dados!$C$33*Dados!$C$5*Esforcos!C11/8-Dados!$C$33*Esforcos!C11^2/2) | C11: =IF(B11>=0,CA!$C$12,CA!$B$12) | D11: =(-CA!$B$16*C11/10000+SQRT((CA!$B$16*C11/10000)^2+2*Dados!$C$6*CA!$B$16*C11/10000*CA!$B$5))/Dados!$C$6 | E11: =Dados!$C$6*D11^3/3+CA!$B$16*C11/10000*(CA!$B$5-D11)^2 | F11: =IF(ABS(B11)<=CA!$B$14,Dados!$C$9,MIN((CA!$B$14/ABS(B11))^3*Dados!$C$9+(1-(CA!$B$14/ABS(B11))^3)*E11,Dados!$C$9)) | G11: =-B11/(Dados!$C$20*1000*F11) | H11: =H10+0.5*(G11+G10)*(A11-A10) | I11: =I10+0.5*(H11+H10)*(A11-A10) | J11: =(I11-I$28*A11/Dados!$C$5)*1000 | K11: =J11*(1+$K$3)
A12: =Tracado_Perdas!B12 | B12: =Esforcos!E12+Dados!$C$35*(3*Dados!$C$33*Dados!$C$5*Esforcos!C12/8-Dados!$C$33*Esforcos!C12^2/2) | C12: =IF(B12>=0,CA!$C$12,CA!$B$12) | D12: =(-CA!$B$16*C12/10000+SQRT((CA!$B$16*C12/10000)^2+2*Dados!$C$6*CA!$B$16*C12/10000*CA!$B$5))/Dados!$C$6 | E12: =Dados!$C$6*D12^3/3+CA!$B$16*C12/10000*(CA!$B$5-D12)^2 | F12: =IF(ABS(B12)<=CA!$B$14,Dados!$C$9,MIN((CA!$B$14/ABS(B12))^3*Dados!$C$9+(1-(CA!$B$14/ABS(B12))^3)*E12,Dados!$C$9)) | G12: =-B12/(Dados!$C$20*1000*F12) | H12: =H11+0.5*(G12+G11)*(A12-A11) | I12: =I11+0.5*(H12+H11)*(A12-A11) | J12: =(I12-I$28*A12/Dados!$C$5)*1000 | K12: =J12*(1+$K$3)
A13: =Tracado_Perdas!B13 | B13: =Esforcos!E13+Dados!$C$35*(3*Dados!$C$33*Dados!$C$5*Esforcos!C13/8-Dados!$C$33*Esforcos!C13^2/2) | C13: =IF(B13>=0,CA!$C$12,CA!$B$12) | D13: =(-CA!$B$16*C13/10000+SQRT((CA!$B$16*C13/10000)^2+2*Dados!$C$6*CA!$B$16*C13/10000*CA!$B$5))/Dados!$C$6 | E13: =Dados!$C$6*D13^3/3+CA!$B$16*C13/10000*(CA!$B$5-D13)^2 | F13: =IF(ABS(B13)<=CA!$B$14,Dados!$C$9,MIN((CA!$B$14/ABS(B13))^3*Dados!$C$9+(1-(CA!$B$14/ABS(B13))^3)*E13,Dados!$C$9)) | G13: =-B13/(Dados!$C$20*1000*F13) | H13: =H12+0.5*(G13+G12)*(A13-A12) | I13: =I12+0.5*(H13+H12)*(A13-A12) | J13: =(I13-I$28*A13/Dados!$C$5)*1000 | K13: =J13*(1+$K$3)
A14: =Tracado_Perdas!B14 | B14: =Esforcos!E14+Dados!$C$35*(3*Dados!$C$33*Dados!$C$5*Esforcos!C14/8-Dados!$C$33*Esforcos!C14^2/2) | C14: =IF(B14>=0,CA!$C$12,CA!$B$12) | D14: =(-CA!$B$16*C14/10000+SQRT((CA!$B$16*C14/10000)^2+2*Dados!$C$6*CA!$B$16*C14/10000*CA!$B$5))/Dados!$C$6 | E14: =Dados!$C$6*D14^3/3+CA!$B$16*C14/10000*(CA!$B$5-D14)^2 | F14: =IF(ABS(B14)<=CA!$B$14,Dados!$C$9,MIN((CA!$B$14/ABS(B14))^3*Dados!$C$9+(1-(CA!$B$14/ABS(B14))^3)*E14,Dados!$C$9)) | G14: =-B14/(Dados!$C$20*1000*F14) | H14: =H13+0.5*(G14+G13)*(A14-A13) | I14: =I13+0.5*(H14+H13)*(A14-A13) | J14: =(I14-I$28*A14/Dados!$C$5)*1000 | K14: =J14*(1+$K$3)
A15: =Tracado_Perdas!B15 | B15: =Esforcos!E15+Dados!$C$35*(3*Dados!$C$33*Dados!$C$5*Esforcos!C15/8-Dados!$C$33*Esforcos!C15^2/2) | C15: =IF(B15>=0,CA!$C$12,CA!$B$12) | D15: =(-CA!$B$16*C15/10000+SQRT((CA!$B$16*C15/10000)^2+2*Dados!$C$6*CA!$B$16*C15/10000*CA!$B$5))/Dados!$C$6 | E15: =Dados!$C$6*D15^3/3+CA!$B$16*C15/10000*(CA!$B$5-D15)^2 | F15: =IF(ABS(B15)<=CA!$B$14,Dados!$C$9,MIN((CA!$B$14/ABS(B15))^3*Dados!$C$9+(1-(CA!$B$14/ABS(B15))^3)*E15,Dados!$C$9)) | G15: =-B15/(Dados!$C$20*1000*F15) | H15: =H14+0.5*(G15+G14)*(A15-A14) | I15: =I14+0.5*(H15+H14)*(A15-A14) | J15: =(I15-I$28*A15/Dados!$C$5)*1000 | K15: =J15*(1+$K$3)
A16: =Tracado_Perdas!B16 | B16: =Esforcos!E16+Dados!$C$35*(3*Dados!$C$33*Dados!$C$5*Esforcos!C16/8-Dados!$C$33*Esforcos!C16^2/2) | C16: =IF(B16>=0,CA!$C$12,CA!$B$12) | D16: =(-CA!$B$16*C16/10000+SQRT((CA!$B$16*C16/10000)^2+2*Dados!$C$6*CA!$B$16*C16/10000*CA!$B$5))/Dados!$C$6 | E16: =Dados!$C$6*D16^3/3+CA!$B$16*C16/10000*(CA!$B$5-D16)^2 | F16: =IF(ABS(B16)<=CA!$B$14,Dados!$C$9,MIN((CA!$B$14/ABS(B16))^3*Dados!$C$9+(1-(CA!$B$14/ABS(B16))^3)*E16,Dados!$C$9)) | G16: =-B16/(Dados!$C$20*1000*F16) | H16: =H15+0.5*(G16+G15)*(A16-A15) | I16: =I15+0.5*(H16+H15)*(A16-A15) | J16: =(I16-I$28*A16/Dados!$C$5)*1000 | K16: =J16*(1+$K$3)
A17: =Tracado_Perdas!B17 | B17: =Esforcos!E17+Dados!$C$35*(3*Dados!$C$33*Dados!$C$5*Esforcos!C17/8-Dados!$C$33*Esforcos!C17^2/2) | C17: =IF(B17>=0,CA!$C$12,CA!$B$12) | D17: =(-CA!$B$16*C17/10000+SQRT((CA!$B$16*C17/10000)^2+2*Dados!$C$6*CA!$B$16*C17/10000*CA!$B$5))/Dados!$C$6 | E17: =Dados!$C$6*D17^3/3+CA!$B$16*C17/10000*(CA!$B$5-D17)^2 | F17: =IF(ABS(B17)<=CA!$B$14,Dados!$C$9,MIN((CA!$B$14/ABS(B17))^3*Dados!$C$9+(1-(CA!$B$14/ABS(B17))^3)*E17,Dados!$C$9)) | G17: =-B17/(Dados!$C$20*1000*F17) | H17: =H16+0.5*(G17+G16)*(A17-A16) | I17: =I16+0.5*(H17+H16)*(A17-A16) | J17: =(I17-I$28*A17/Dados!$C$5)*1000 | K17: =J17*(1+$K$3)
A18: =Tracado_Perdas!B18 | B18: =Esforcos!E18+Dados!$C$35*(3*Dados!$C$33*Dados!$C$5*Esforcos!C18/8-Dados!$C$33*Esforcos!C18^2/2) | C18: =IF(B18>=0,CA!$C$12,CA!$B$12) | D18: =(-CA!$B$16*C18/10000+SQRT((CA!$B$16*C18/10000)^2+2*Dados!$C$6*CA!$B$16*C18/10000*CA!$B$5))/Dados!$C$6 | E18: =Dados!$C$6*D18^3/3+CA!$B$16*C18/10000*(CA!$B$5-D18)^2 | F18: =IF(ABS(B18)<=CA!$B$14,Dados!$C$9,MIN((CA!$B$14/ABS(B18))^3*Dados!$C$9+(1-(CA!$B$14/ABS(B18))^3)*E18,Dados!$C$9)) | G18: =-B18/(Dados!$C$20*1000*F18) | H18: =H17+0.5*(G18+G17)*(A18-A17) | I18: =I17+0.5*(H18+H17)*(A18-A17) | J18: =(I18-I$28*A18/Dados!$C$5)*1000 | K18: =J18*(1+$K$3)
A19: =Tracado_Perdas!B19 | B19: =Esforcos!E19+Dados!$C$35*(3*Dados!$C$33*Dados!$C$5*Esforcos!C19/8-Dados!$C$33*Esforcos!C19^2/2) | C19: =IF(B19>=0,CA!$C$12,CA!$B$12) | D19: =(-CA!$B$16*C19/10000+SQRT((CA!$B$16*C19/10000)^2+2*Dados!$C$6*CA!$B$16*C19/10000*CA!$B$5))/Dados!$C$6 | E19: =Dados!$C$6*D19^3/3+CA!$B$16*C19/10000*(CA!$B$5-D19)^2 | F19: =IF(ABS(B19)<=CA!$B$14,Dados!$C$9,MIN((CA!$B$14/ABS(B19))^3*Dados!$C$9+(1-(CA!$B$14/ABS(B19))^3)*E19,Dados!$C$9)) | G19: =-B19/(Dados!$C$20*1000*F19) | H19: =H18+0.5*(G19+G18)*(A19-A18) | I19: =I18+0.5*(H19+H18)*(A19-A18) | J19: =(I19-I$28*A19/Dados!$C$5)*1000 | K19: =J19*(1+$K$3)
A20: =Tracado_Perdas!B20 | B20: =Esforcos!E20+Dados!$C$35*(3*Dados!$C$33*Dados!$C$5*Esforcos!C20/8-Dados!$C$33*Esforcos!C20^2/2) | C20: =IF(B20>=0,CA!$C$12,CA!$B$12) | D20: =(-CA!$B$16*C20/10000+SQRT((CA!$B$16*C20/10000)^2+2*Dados!$C$6*CA!$B$16*C20/10000*CA!$B$5))/Dados!$C$6 | E20: =Dados!$C$6*D20^3/3+CA!$B$16*C20/10000*(CA!$B$5-D20)^2 | F20: =IF(ABS(B20)<=CA!$B$14,Dados!$C$9,MIN((CA!$B$14/ABS(B20))^3*Dados!$C$9+(1-(CA!$B$14/ABS(B20))^3)*E20,Dados!$C$9)) | G20: =-B20/(Dados!$C$20*1000*F20) | H20: =H19+0.5*(G20+G19)*(A20-A19) | I20: =I19+0.5*(H20+H19)*(A20-A19) | J20: =(I20-I$28*A20/Dados!$C$5)*1000 | K20: =J20*(1+$K$3)
... A48: =Tracado_Perdas!B48 | B48: =Esforcos!E48+Dados!$C$35*(3*Dados!$C$33*Dados!$C$5*Esforcos!C48/8-Dados!$C$33*Esforcos!C48^2/2) | C48: =IF(B48>=0,CA!$C$12,CA!$B$12) | D48: =(-CA!$B$16*C48/10000+SQRT((CA!$B$16*C48/10000)^2+2*Dados!$C$6*CA!$B$16*C48/10000*CA!$B$5))/Dados!$C$6 | E48: =Dados!$C$6*D48^3/3+CA!$B$16*C48/10000*(CA!$B$5-D48)^2 | F48: =IF(ABS(B48)<=CA!$B$14,Dados!$C$9,MIN((CA!$B$14/ABS(B48))^3*Dados!$C$9+(1-(CA!$B$14/ABS(B48))^3)*E48,Dados!$C$9)) | G48: =-B48/(Dados!$C$20*1000*F48) | H48: =H47+0.5*(G48+G47)*(A48-A47) | I48: =I47+0.5*(H48+H47)*(A48-A47) | J48: =(I48-I$28*A48/Dados!$C$5)*1000 | K48: =J48*(1+$K$3)

Sheet Niveis
A1: Níveis de protensão - verificação do projeto atual (NBR 6118, Tab. 13.4, pós-tração, CAA II)
A2: Nível 3 (completa): ELS-D na comb. frequente e ELS-F na rara. Nível 2 (limitada): ELS-D na quase permanente e ELS-F na frequente. Nível 1 (parcial): só ELS-W (wk ≤ 0,2 mm, CAA II) na frequente. σ1 = fibra inferior; σ2 = superior; tração +.
A3: Atende? | H3: =IF(COUNTIF(H8:H48,"NÃO")=0,"ATENDE","NÃO ATENDE") | I3: =IF(COUNTIF(I8:I48,"NÃO")=0,"ATENDE","NÃO ATENDE") | J3: =IF(COUNTIF(J8:J48,"NÃO")=0,"ATENDE","NÃO ATENDE") | K3: =IF(COUNTIF(K8:K48,"NÃO")=0,"ATENDE","NÃO ATENDE") | L3: =IF(COUNTIF(L8:L48,"fissurada*")=0,"sem fissuras","há trechos fissurados")
A4: σ tração máx. | B4: =MAX(B8:B48) | C4: =MAX(C8:C48) | D4: =MAX(D8:D48) | E4: =MAX(E8:E48) | F4: =MAX(F8:F48) | G4: =MAX(G8:G48)
A6: x | B6: σ1 CQP (Mg+ψ2Mq+) | C6: σ2 CQP (Mg+ψ2Mq-) | D6: σ1 CF (ψ1) | E6: σ2 CF (ψ1) | F6: σ1 CR | G6: σ2 CR | H6: N3 ELS-D (CF ≤ 0) | I6: N3 ELS-F (CR ≤ ft) | J6: N2 ELS-D (CQP ≤ 0) | K6: N2 ELS-F (CF ≤ ft) | L6: N1 seção sob CF
A7: m | B7: MPa | C7: MPa | D7: MPa | E7: MPa | F7: MPa | G7: MPa
A8: =Tracado_Perdas!B8 | B8: =Tensoes!I8+(Esforcos!E8+Dados!$C$35*Esforcos!F8)/Dados!$C$10/1000 | C8: =Tensoes!J8-(Esforcos!E8+Dados!$C$35*Esforcos!G8)/Dados!$C$10/1000 | D8: =Tensoes!M8 | E8: =Tensoes!N8 | F8: =Tensoes!O8 | G8: =Tensoes!P8 | H8: =IF(AND(D8<=0,E8<=0),"OK","NÃO") | I8: =IF(AND(F8<=Dados!$C$25,G8<=Dados!$C$25),"OK","NÃO") | J8: =IF(AND(B8<=0,C8<=0),"OK","NÃO") | K8: =IF(AND(D8<=Dados!$C$25,E8<=Dados!$C$25),"OK","NÃO") | L8: =IF(MAX(D8,E8)>Dados!$C$25,"fissurada: verificar wk","não fissurada")
A9: =Tracado_Perdas!B9 | B9: =Tensoes!I9+(Esforcos!E9+Dados!$C$35*Esforcos!F9)/Dados!$C$10/1000 | C9: =Tensoes!J9-(Esforcos!E9+Dados!$C$35*Esforcos!G9)/Dados!$C$10/1000 | D9: =Tensoes!M9 | E9: =Tensoes!N9 | F9: =Tensoes!O9 | G9: =Tensoes!P9 | H9: =IF(AND(D9<=0,E9<=0),"OK","NÃO") | I9: =IF(AND(F9<=Dados!$C$25,G9<=Dados!$C$25),"OK","NÃO") | J9: =IF(AND(B9<=0,C9<=0),"OK","NÃO") | K9: =IF(AND(D9<=Dados!$C$25,E9<=Dados!$C$25),"OK","NÃO") | L9: =IF(MAX(D9,E9)>Dados!$C$25,"fissurada: verificar wk","não fissurada")
A10: =Tracado_Perdas!B10 | B10: =Tensoes!I10+(Esforcos!E10+Dados!$C$35*Esforcos!F10)/Dados!$C$10/1000 | C10: =Tensoes!J10-(Esforcos!E10+Dados!$C$35*Esforcos!G10)/Dados!$C$10/1000 | D10: =Tensoes!M10 | E10: =Tensoes!N10 | F10: =Tensoes!O10 | G10: =Tensoes!P10 | H10: =IF(AND(D10<=0,E10<=0),"OK","NÃO") | I10: =IF(AND(F10<=Dados!$C$25,G10<=Dados!$C$25),"OK","NÃO") | J10: =IF(AND(B10<=0,C10<=0),"OK","NÃO") | K10: =IF(AND(D10<=Dados!$C$25,E10<=Dados!$C$25),"OK","NÃO") | L10: =IF(MAX(D10,E10)>Dados!$C$25,"fissurada: verificar wk","não fissurada")
A11: =Tracado_Perdas!B11 | B11: =Tensoes!I11+(Esforcos!E11+Dados!$C$35*Esforcos!F11)/Dados!$C$10/1000 | C11: =Tensoes!J11-(Esforcos!E11+Dados!$C$35*Esforcos!G11)/Dados!$C$10/1000 | D11: =Tensoes!M11 | E11: =Tensoes!N11 | F11: =Tensoes!O11 | G11: =Tensoes!P11 | H11: =IF(AND(D11<=0,E11<=0),"OK","NÃO") | I11: =IF(AND(F11<=Dados!$C$25,G11<=Dados!$C$25),"OK","NÃO") | J11: =IF(AND(B11<=0,C11<=0),"OK","NÃO") | K11: =IF(AND(D11<=Dados!$C$25,E11<=Dados!$C$25),"OK","NÃO") | L11: =IF(MAX(D11,E11)>Dados!$C$25,"fissurada: verificar wk","não fissurada")
A12: =Tracado_Perdas!B12 | B12: =Tensoes!I12+(Esforcos!E12+Dados!$C$35*Esforcos!F12)/Dados!$C$10/1000 | C12: =Tensoes!J12-(Esforcos!E12+Dados!$C$35*Esforcos!G12)/Dados!$C$10/1000 | D12: =Tensoes!M12 | E12: =Tensoes!N12 | F12: =Tensoes!O12 | G12: =Tensoes!P12 | H12: =IF(AND(D12<=0,E12<=0),"OK","NÃO") | I12: =IF(AND(F12<=Dados!$C$25,G12<=Dados!$C$25),"OK","NÃO") | J12: =IF(AND(B12<=0,C12<=0),"OK","NÃO") | K12: =IF(AND(D12<=Dados!$C$25,E12<=Dados!$C$25),"OK","NÃO") | L12: =IF(MAX(D12,E12)>Dados!$C$25,"fissurada: verificar wk","não fissurada")
A13: =Tracado_Perdas!B13 | B13: =Tensoes!I13+(Esforcos!E13+Dados!$C$35*Esforcos!F13)/Dados!$C$10/1000 | C13: =Tensoes!J13-(Esforcos!E13+Dados!$C$35*Esforcos!G13)/Dados!$C$10/1000 | D13: =Tensoes!M13 | E13: =Tensoes!N13 | F13: =Tensoes!O13 | G13: =Tensoes!P13 | H13: =IF(AND(D13<=0,E13<=0),"OK","NÃO") | I13: =IF(AND(F13<=Dados!$C$25,G13<=Dados!$C$25),"OK","NÃO") | J13: =IF(AND(B13<=0,C13<=0),"OK","NÃO") | K13: =IF(AND(D13<=Dados!$C$25,E13<=Dados!$C$25),"OK","NÃO") | L13: =IF(MAX(D13,E13)>Dados!$C$25,"fissurada: verificar wk","não fissurada")
A14: =Tracado_Perdas!B14 | B14: =Tensoes!I14+(Esforcos!E14+Dados!$C$35*Esforcos!F14)/Dados!$C$10/1000 | C14: =Tensoes!J14-(Esforcos!E14+Dados!$C$35*Esforcos!G14)/Dados!$C$10/1000 | D14: =Tensoes!M14 | E14: =Tensoes!N14 | F14: =Tensoes!O14 | G14: =Tensoes!P14 | H14: =IF(AND(D14<=0,E14<=0),"OK","NÃO") | I14: =IF(AND(F14<=Dados!$C$25,G14<=Dados!$C$25),"OK","NÃO") | J14: =IF(AND(B14<=0,C14<=0),"OK","NÃO") | K14: =IF(AND(D14<=Dados!$C$25,E14<=Dados!$C$25),"OK","NÃO") | L14: =IF(MAX(D14,E14)>Dados!$C$25,"fissurada: verificar wk","não fissurada")
A15: =Tracado_Perdas!B15 | B15: =Tensoes!I15+(Esforcos!E15+Dados!$C$35*Esforcos!F15)/Dados!$C$10/1000 | C15: =Tensoes!J15-(Esforcos!E15+Dados!$C$35*Esforcos!G15)/Dados!$C$10/1000 | D15: =Tensoes!M15 | E15: =Tensoes!N15 | F15: =Tensoes!O15 | G15: =Tensoes!P15 | H15: =IF(AND(D15<=0,E15<=0),"OK","NÃO") | I15: =IF(AND(F15<=Dados!$C$25,G15<=Dados!$C$25),"OK","NÃO") | J15: =IF(AND(B15<=0,C15<=0),"OK","NÃO") | K15: =IF(AND(D15<=Dados!$C$25,E15<=Dados!$C$25),"OK","NÃO") | L15: =IF(MAX(D15,E15)>Dados!$C$25,"fissurada: verificar wk","não fissurada")
A16: =Tracado_Perdas!B16 | B16: =Tensoes!I16+(Esforcos!E16+Dados!$C$35*Esforcos!F16)/Dados!$C$10/1000 | C16: =Tensoes!J16-(Esforcos!E16+Dados!$C$35*Esforcos!G16)/Dados!$C$10/1000 | D16: =Tensoes!M16 | E16: =Tensoes!N16 | F16: =Tensoes!O16 | G16: =Tensoes!P16 | H16: =IF(AND(D16<=0,E16<=0),"OK","NÃO") | I16: =IF(AND(F16<=Dados!$C$25,G16<=Dados!$C$25),"OK","NÃO") | J16: =IF(AND(B16<=0,C16<=0),"OK","NÃO") | K16: =IF(AND(D16<=Dados!$C$25,E16<=Dados!$C$25),"OK","NÃO") | L16: =IF(MAX(D16,E16)>Dados!$C$25,"fissurada: verificar wk","não fissurada")
A17: =Tracado_Perdas!B17 | B17: =Tensoes!I17+(Esforcos!E17+Dados!$C$35*Esforcos!F17)/Dados!$C$10/1000 | C17: =Tensoes!J17-(Esforcos!E17+Dados!$C$35*Esforcos!G17)/Dados!$C$10/1000 | D17: =Tensoes!M17 | E17: =Tensoes!N17 | F17: =Tensoes!O17 | G17: =Tensoes!P17 | H17: =IF(AND(D17<=0,E17<=0),"OK","NÃO") | I17: =IF(AND(F17<=Dados!$C$25,G17<=Dados!$C$25),"OK","NÃO") | J17: =IF(AND(B17<=0,C17<=0),"OK","NÃO") | K17: =IF(AND(D17<=Dados!$C$25,E17<=Dados!$C$25),"OK","NÃO") | L17: =IF(MAX(D17,E17)>Dados!$C$25,"fissurada: verificar wk","não fissurada")
A18: =Tracado_Perdas!B18 | B18: =Tensoes!I18+(Esforcos!E18+Dados!$C$35*Esforcos!F18)/Dados!$C$10/1000 | C18: =Tensoes!J18-(Esforcos!E18+Dados!$C$35*Esforcos!G18)/Dados!$C$10/1000 | D18: =Tensoes!M18 | E18: =Tensoes!N18 | F18: =Tensoes!O18 | G18: =Tensoes!P18 | H18: =IF(AND(D18<=0,E18<=0),"OK","NÃO") | I18: =IF(AND(F18<=Dados!$C$25,G18<=Dados!$C$25),"OK","NÃO") | J18: =IF(AND(B18<=0,C18<=0),"OK","NÃO") | K18: =IF(AND(D18<=Dados!$C$25,E18<=Dados!$C$25),"OK","NÃO") | L18: =IF(MAX(D18,E18)>Dados!$C$25,"fissurada: verificar wk","não fissurada")
A19: =Tracado_Perdas!B19 | B19: =Tensoes!I19+(Esforcos!E19+Dados!$C$35*Esforcos!F19)/Dados!$C$10/1000 | C19: =Tensoes!J19-(Esforcos!E19+Dados!$C$35*Esforcos!G19)/Dados!$C$10/1000 | D19: =Tensoes!M19 | E19: =Tensoes!N19 | F19: =Tensoes!O19 | G19: =Tensoes!P19 | H19: =IF(AND(D19<=0,E19<=0),"OK","NÃO") | I19: =IF(AND(F19<=Dados!$C$25,G19<=Dados!$C$25),"OK","NÃO") | J19: =IF(AND(B19<=0,C19<=0),"OK","NÃO") | K19: =IF(AND(D19<=Dados!$C$25,E19<=Dados!$C$25),"OK","NÃO") | L19: =IF(MAX(D19,E19)>Dados!$C$25,"fissurada: verificar wk","não fissurada")
... A48: =Tracado_Perdas!B48 | B48: =Tensoes!I48+(Esforcos!E48+Dados!$C$35*Esforcos!F48)/Dados!$C$10/1000 | C48: =Tensoes!J48-(Esforcos!E48+Dados!$C$35*Esforcos!G48)/Dados!$C$10/1000 | D48: =Tensoes!M48 | E48: =Tensoes!N48 | F48: =Tensoes!O48 | G48: =Tensoes!P48 | H48: =IF(AND(D48<=0,E48<=0),"OK","NÃO") | I48: =IF(AND(F48<=Dados!$C$25,G48<=Dados!$C$25),"OK","NÃO") | J48: =IF(AND(B48<=0,C48<=0),"OK","NÃO") | K48: =IF(AND(D48<=Dados!$C$25,E48<=Dados!$C$25),"OK","NÃO") | L48: =IF(MAX(D48,E48)>Dados!$C$25,"fissurada: verificar wk","não fissurada")

Sheet Niveis_Comparativo
A1: Comparativo dos níveis de protensão - mesma seção 30×90, C30, CAA II, traçado e = 28 cm
A2: Cordoalhas por cabo e áreas são fórmulas; margens, P∞, armaduras e flechas vêm do motor de cálculo (Python), rodado com a mesma metodologia das demais abas. Para conferir um nível, altere ncord em Dados e leia a aba Niveis.
A4: Grandeza | B4: Unid. | C4: Nível 3 - completa | D4: Nível 2 - limitada | E4: Nível 1 - parcial
A5: Critério ELS-D | C5: CF: σ ≤ 0 | D5: CQP: σ ≤ 0 | E5: não exigido
A6: Critério ELS-F | C6: CR: σ ≤ 1,2·fctk,inf | D6: CF: σ ≤ 1,2·fctk,inf | E6: não exigido
A7: Critério ELS-W | C7: não exigido | D7: não exigido | E7: CF: wk ≤ 0,2 mm
A8: Cordoalhas por cabo (2 cabos) | C8: 5 | D8: 4 | E8: 2
A9: Cordoalhas totais Ø12,7 | C9: =2*C8 | D9: =2*D8 | E9: =2*E8
A10: Ap | B10: cm² | C10: =C9*Dados!$C$58 | D10: =D9*Dados!$C$58 | E10: =E9*Dados!$C$58
A11: Pj = 0,74·fptk·Ap | B11: kN | C11: =0.74*Dados!$C$60*C10/10 | D11: =0.74*Dados!$C$60*D10/10 | E11: =0.74*Dados!$C$60*E10/10
A12: P∞ mín (após todas as perdas) | B12: kN | C12: 939 | D12: 776 | E12: 411
A13: P∞ máx | B13: kN | C13: 1050 | D13: 853 | E13: 442
A14: Carga equilibrada 8·f·P∞,mín/L² | B14: kN/m | C14: =8*(Dados!$C$44+Dados!$C$45/2)*C12/Dados!$C$5^2 | D14: =8*(Dados!$C$44+Dados!$C$45/2)*D12/Dados!$C$5^2 | E14: =8*(Dados!$C$44+Dados!$C$45/2)*E12/Dados!$C$5^2
A15: Fração de g+ψ2q equilibrada | B15: % | C15: =C14/Dados!$C$36*100 | D15: =D14/Dados!$C$36*100 | E15: =E14/Dados!$C$36*100
A16: Margem ELS-D do critério do nível | B16: MPa | C16: 0.45 | D16: 1.04 | E16: n/a
A17: Margem ELS-F do critério do nível | B17: MPa | C17: 0.6 | D17: 3.14 | E17: n/a
A18: Atende ao nível 3? | C18: sim | D18: não (ELS-F rara: -1,49 MPa) | E18: não
A19: Atende ao nível 2? | C19: sim | D19: sim | E19: não (ELS-D CQP)
A20: Tração máx. na comb. frequente | B20: MPa | C20: -0.45 | D20: -0.7 | E20: 3.94
A21: Armadura passiva do ato (σs = 250 MPa) | B21: cm² | C21: 4.9 | D21: 3.2 | E21: 0
A22: Armadura passiva tracionada no apoio B (ELU) | B22: cm² | C22: — (A' = 4,9) | D22: 2 Ø16 = 4,0 | E22: 4 Ø20 = 12,6
A23: Armadura passiva tracionada no vão (ELU) | B23: cm² | C23: — | D23: não necessária | E23: 2 Ø20 = 6,3
A24: MRd/Msd no apoio B | C24: 1.26 | D24: 1.14 | E24: 1.01
A25: MRd/Msd no vão | C25: 1.6 | D25: 1.31 | E25: 1.09
A26: wk na comb. frequente (apoio B) | B26: mm | C26: não fissura | D26: não fissura | E26: 0.03
A27: Flecha final (qp, com fluência; + para baixo) | B27: mm | C27: -2.8 | D27: -0.2 | E27: 5.4
A28: Massa de aço ativo (cabo de 20,09 m, 0,793 kg/m por cordoalha) | B28: kg | C28: =C9*20.09*0.793 | D28: =D9*20.09*0.793 | E28: =E9*20.09*0.793
A29: P∞ em x = 4 m | B29: kN | C29: 942 | D29: 779 | E29: 416
A30: P∞ no apoio central B | B30: kN | C30: 976 | D30: 806 | E30: 431
A31: Diâmetro externo da bainha (nível 2 e 1: adotado) | B31: mm | C31: 61 | D31: 55 | E31: 45
A32: Alongamento por extremidade (depende só do atrito) | B32: mm | C32: 67.4 | D32: 67.4 | E32: 67.4
A33: Desenho DXF 1:50 (A2) | C33: Viga_Continua_CP_Forma_e_Cabos.dxf | D33: Viga_Continua_CP_Nivel2_Forma_e_Cabos.dxf | E33: Viga_Continua_CP_Nivel1_Forma_e_Cabos.dxf
A34: Tração máx. na comb. quase permanente | B34: MPa | C34: -0.45 | D34: -1.04 | E34: 3.17
